country,ISO3,region,population_2018,population_million,population_density_2018,urban_percentage_2018,income_level,income_level_def,GDP_2018,HDI_2018,ages_0_14,ages_15_64,ages_65_up,median_age_2018,life_expectancy_2018,BCG_policy,BCG_vaccine_start,BCG_vaccine_end,lower_bound_age_BCG,upper_bound_age_BCG,BCG_mean_coverage,BCG_median_coverage,BCG_strain,date_first_covid19_death,covid19_cumulative_deaths,deaths_in_day_14,total_deaths_per_million,days_to_reached_0.1_deaths_per_million,days_to_reached_1_deaths_per_million,mean_daily_deaths_per_million,median_daily_deaths_per_million,max_daily_deaths_per_million,deaths_week_3,total_deaths_week_3_per_million,median_daily_deaths_per_million_week_3,mean_daily_deaths_per_million_week_3,max_daily_deaths_per_million_week_3,deaths_month_1,total_deaths_month_1_per_million,median_daily_deaths_per_million_month_1,mean_daily_deaths_per_million_month_1,max_daily_deaths_per_million_month_1,log_total_deaths_per_million,log_mean_daily_deaths_per_million,log_median_daily_deaths_per_million,log_max_daily_deaths_per_million,log_total_deaths_week_3_per_million,log_median_daily_deaths_per_million_week_3,log_mean_daily_deaths_per_million_week_3,log_max_daily_deaths_per_million_week_3,log_total_deaths_month_1_per_million,log_median_daily_deaths_per_million_month_1,log_mean_daily_deaths_per_million_month_1,log_max_daily_deaths_per_million_month_1
Australia,AUS,East Asia & Pacific,24992369,24.992369,3,86.012,1,High income,57373.68668,0.938,19,65,16,38.7,82.74878049,interrupted,1950,1985,35,70,,,,3/1/2020,63,3,2.52076944,8,34,0.054799336,0.040012213,0.200061067,4,0.160048853,0,0.022864122,0.080024427,17,0.680207627,0,0.022673588,0.200061067,0.924564188,-2.904077208,-3.218570538,-1.609132626,-1.832276177,0,-3.778186326,-2.525423358,-0.385357194,0,-3.786554576,-1.609132626
Aruba,ABW,Latin America & Caribbean,105845,0.105845,588,43.411,1,High income,,,18,69,14,39.3,76.152,never,,,,76.152,,,,,,,,,,,,,,,,,,,,,,,,,,,,,,,,,,
Azerbaijan,AZE,Europe & Central Asia,9942334,9.942334,120,55.68,3,Upper middle income,4721.178087,0.754,23,70,6,31.3,72.864,current,1945,current,0,75,96.34482759,98,,3/13/2020,13,3,1.307540061,1,29,0.038457061,0,0.201160009,2,0.201160009,0,0.028737144,0.100580005,11,1.106380051,0,0.036879335,0.201160009,0.268147556,-3.258212969,0,-1.603654621,-1.603654621,0,-3.54956477,-2.296801802,0.101093471,0,-3.300103911,-1.603654621
Bosnia and Herzegovina,BIH,Europe & Central Asia,3323929,3.323929,65,48.245,3,Upper middle income,6065.672708,0.769,15,69,16,42.1,77.262,current,1950,current,0,70,86.07692308,95,Pasteur's Institute Paris,3/21/2020,41,17,12.33480017,1,7,0.474415391,0.300848785,1.805092708,19,5.716126909,0.601697569,0.816589558,1.805092708,,,,,,2.51242455,-0.745671988,-1.201147517,0.590611952,1.743291462,-0.508000336,-0.202618687,0.590611952,,,,
Barbados,BRB,Latin America & Caribbean,286641,0.286641,667,31.147,1,High income,17949.28151,0.813,17,67,16,38.6,79.081,current,,current,0,,71.66666667,75,,4/5/2020,5,,17.44342226,1,1,1.58576566,0,3.488684452,,,,,,,,,,,2.85896263,0.461067357,0,1.249524717,,,,,,,,
Bangladesh,BGD,South Asia,161356039,161.356039,1240,36.632,2,Lower middle income,1698.262802,0.614,28,67,5,26.7,72.32,current,1979,current,0,41,77.31578947,95,Serum Institute of India,3/18/2020,50,5,0.309873744,21,,0.010685302,0.006197475,0.043382324,12,0.074369699,0.006197475,0.010624243,0.030987374,,,,,,-1.17159034,-4.53888617,-5.083613346,-3.137703197,-2.598706696,-5.083613346,-4.544616845,-3.474175433,,,,
Belgium,BEL,Europe & Central Asia,11422068,11.422068,377,98.001,1,High income,47518.63604,0.919,17,64,19,41.4,81.59512195,never,,,,81.59512195,,,"Mostly Pasteur Institute, Paris; also Statens Serum Institute",3/11/2020,4440,122,388.7212018,1,8,10.79781116,6.434911787,43.42471083,583,51.04154519,6.040937596,7.291649313,16.80956548,2523,220.8881964,4.289941191,7.362939881,35.28257755,5.962862382,2.379343443,1.861738133,3.771028653,3.932639913,1.798559231,1.986729764,2.821948098,5.397656675,1.456273024,1.996459293,3.563389288
Burkina Faso,BFA,Sub-Saharan Africa,19751535,19.751535,72,29.358,4,Low income,715.122904,0.434,45,53,2,17.3,61.174,current,,current,0,,80.71875,86.5,,3/18/2020,32,14,1.620127246,4,22,0.055866457,0.050628976,0.202515906,5,0.253144882,0.050628976,0.036163555,0.101257953,,,,,,0.482504693,-2.884791137,-2.98323121,-1.596936849,-1.373793297,-2.98323121,-3.319703446,-2.290084029,,,,
Bulgaria,BGR,Europe & Central Asia,7024216,7.024216,65,75.008,3,Upper middle income,9272.629304,0.816,15,64,21,42.7,74.86585366,current,1951,current,0,69,98,98,Sl222 Sofia (BCG) BulBio-NCIPD,3/11/2020,36,3,5.125127132,1,19,0.142364643,0.071182321,0.56945857,5,0.711823213,0,0.10168903,0.56945857,24,3.416751421,0,0.113891714,0.56945857,1.634155331,-1.949363608,-2.642510788,-0.563069246,-0.339925695,0,-2.285835844,-0.563069246,1.228690223,0,-2.172507159,-0.563069246
Bahrain,BHR,Middle East & North Africa,1569439,1.569439,2017,89.287,1,High income,24050.75751,0.838,19,78,2,32.3,77.163,current,,,,,82.55,85,,3/16/2020,7,4,4.460192464,1,7,0.143877176,0,0.637170352,0,0,0,0,0,7,4.460192464,0,0.148673082,0.637170352,1.495191918,-1.938795286,0,-0.450718231,0,0,0,0,1.495191918,0,-1.906005463,-0.450718231
Burundi,BDI,Sub-Saharan Africa,11175378,11.175378,435,13.032,4,Low income,271.7520444,0.423,46,52,2,17,61.247,,,,,,80.36842105,89.5,,4/13/2020,1,,0.089482432,,,0.029827477,0,0.089482432,,,,,,,,,,,-2.413712965,-3.512325254,0,-2.413712965,,,,,,,,
Benin,BEN,Sub-Saharan Africa,11485048,11.485048,102,47.312,4,Low income,901.5438712,0.52,42,54,3,18.2,61.47,current,,current,0,,88.44117647,96.5,,4/6/2020,1,,0.087069728,,,0.008706973,0,0.087069728,,,,,,,,,,,-2.441046015,-4.743631108,0,-2.441046015,,,,,,,,
Saint Barthélemy,BLM,,,,,,,,,,,,,,,,,,,,,,,,,,,,,,,,,,,,,,,,,,,,,,,,,,,,,
Bermuda,BMU,North America,63968,0.063968,1185,100,1,High income,,,,,,43.4,81.65170732,interrupted,1953,2005,15,67,,,,,,,,,,,,,,,,,,,,,,,,,,,,,,,,,,
Brunei,BRN,East Asia & Pacific,428962,0.428962,81,77.629,1,High income,31628.32879,0.845,23,72,5,30.2,75.722,current,,,,,96.3030303,99,,3/28/2020,1,1,2.331208825,1,1,0.122695201,0,2.331208825,,,,,,,,,,,0.846386942,-2.098052037,0,0.846386942,,,,,,,,
Bolivia,BOL,Latin America & Caribbean,11353142,11.353142,10,69.425,2,Lower middle income,3548.59014,0.703,31,62,7,24.3,71.239,current,,current,0,,72.46153846,87,,3/29/2020,28,20,2.466277617,2,10,0.137015423,0.088081343,0.352325374,,,,,,,,,,,0.902709976,-1.987661782,-2.429494534,-1.043200173,,,,,,,,
Botswana,BWA,Sub-Saharan Africa,2254126,2.254126,4,69.446,3,Upper middle income,8258.641666,0.728,34,62,4,24.5,69.275,current,,current,0,,76.35897436,73,,3/31/2020,1,1,0.443630924,1,,0.027726933,0,0.443630924,,,,,,,,,,,-0.812762315,-3.585351037,0,-0.812762315,,,,,,,,
Belarus,BLR,Europe & Central Asia,9485386,9.485386,47,78.595,3,Upper middle income,6289.938553,0.817,17,68,15,40,74.17560976,current,1950,current,0,70,96.62857143,98,"Danish, Mikrogen Russia",3/31/2020,36,29,3.795312073,1,7,0.237207005,0.316276006,0.527126677,,,,,,,,,,,1.33376664,-1.438822082,-1.15114001,-0.640314386,,,,,,,,
Belize,BLZ,Latin America & Caribbean,383071,0.383071,17,45.724,3,Upper middle income,4884.742421,0.72,30,65,5,22.7,74.496,current,,current,0,,91.87179487,94,,4/6/2020,2,,5.22096426,1,1,0.522096426,0,2.61048213,,,,,,,,,,,1.652682109,-0.649902984,0,0.959534928,,,,,,,,
Iran,IRN,Middle East & North Africa,81800269,81.800269,50,74.898,3,Upper middle income,,0.797,24,69,6,30.3,76.479,current,1984,current,0,36,83.12820513,99,Pasteur Institute 1173-P2,2/19/2020,4777,77,58.39834096,6,15,1.024532298,1.38141355,1.93153399,214,2.616128316,0.256722872,0.373732617,0.660144528,1284,15.6967699,0.18337348,0.523225663,1.821509902,4.067287481,0.024236213,0.323107287,0.658314501,0.961695483,-1.359758094,-0.984214666,-0.415296486,2.753454952,-1.696230331,-0.64774243,0.599665774
New Zealand,NZL,East Asia & Pacific,4885500,4.8855,19,86.538,1,High income,41945.33167,0.921,20,65,16,37.9,81.85853659,interrupted,1976,,,44,14.22222222,18,"Danish 1331, Statens Serum Institute",3/29/2020,9,4,1.842186061,1,16,0.10234367,0,0.81874936,,,,,,,,,,,0.610952943,-2.279418815,0,-0.199977273,,,,,,,,
Oman,OMN,Middle East & North Africa,4829483,4.829483,16,84.539,1,High income,16415.15728,0.834,22,75,2,25.6,77.633,current,,current,0,,93.66666667,98,,3/31/2020,4,4,0.828246005,1,,0.051765375,0,0.207061501,,,,,,,,,,,-0.188445061,-2.961033784,0,-1.574739423,,,,,,,,
Panama,PAN,Latin America & Caribbean,4176873,4.176873,56,67.709,1,High income,15575.07255,0.795,27,65,8,29.2,78.329,current,1949,current,0,71,95.1025641,99,,3/11/2020,95,6,22.74428741,1,13,0.631785761,0.478827103,1.915308414,24,5.745925241,0.718240655,0.820846463,1.675894862,63,15.08305376,0.239413552,0.502768459,1.915308414,3.124314011,-0.459204927,-0.7364157,0.649878661,1.74849095,-0.330950592,-0.197419199,0.516347269,2.713571846,-1.42956288,-0.687625536,0.649878661
Peru,PER,Latin America & Caribbean,31989256,31.989256,25,77.907,3,Upper middle income,6941.235848,0.759,26,66,8,28,76.516,current,1945,current,0,75,84.38461538,91,"Danish, SSI",3/20/2020,254,55,7.940165911,2,13,0.294080219,0.250083966,0.969075367,83,2.594621144,0.375125949,0.370660163,0.531428427,,,,,,2.071934171,-1.223902695,-1.385958555,-0.031412892,0.953440511,-0.980493447,-0.992469638,-0.632186752,,,,
French Polynesia,PYF,East Asia & Pacific,277679,0.277679,76,61.834,1,High income,,,23,69,8,31.9,77.462,,,,,,,,,,,,,,,,,,,,,,,,,,,,,,,,,,,,,,,
Papua New Guinea,PNG,East Asia & Pacific,8606316,8.606316,19,13.169,2,Lower middle income,2730.274799,0.543,36,61,3,23.1,64.263,current,,current,0,,75.15,76,,,0,,0,,,,,,,,,,,,,,,,0,,,,,,,,,,,
Chile,CHL,Latin America & Caribbean,18729160,18.72916,25,87.564,1,High income,15923.35874,0.847,20,69,12,34.4,80.042,current,1949,current,0,71,95.87179487,96,Statens Serum Institute,3/22/2020,94,27,5.018911686,2,13,0.200756467,0.160178033,0.533926775,46,2.456063166,0.373748743,0.350866167,0.480534098,,,,,,1.613213115,-1.60566271,-1.831469379,-0.627496575,0.898559729,-0.984171519,-1.04735042,-0.73285709,,,,
Cameroon,CMR,Sub-Saharan Africa,25216237,25.216237,53,56.374,2,Lower middle income,1533.74214,0.563,43,55,3,18.5,58.921,current,,current,0,,65.02941176,69.5,,3/25/2020,17,9,0.674168791,5,,0.030644036,0,0.158627951,5,0.198284938,0,0.02832642,0.079313975,,,,,,-0.394274768,-3.485317222,0,-1.841193751,-1.6180502,0,-3.563960349,-2.534340932,,,,
China,CHN,East Asia & Pacific,1392730000,1392.73,148,59.152,3,Upper middle income,9770.847088,0.758,18,71,11,37.4,76.704,current,1949,current,0,71,89.91666667,96.5,,1/22/2020,3346,491,2.402475713,9,24,0.02826442,0.011488228,0.180939593,621,0.445886855,0.062467241,0.063698122,0.076827526,2238,1.606915913,0.050979012,0.053563864,0.180939593,0.876499753,-3.566151504,-4.466432406,-1.709592041,-0.807690047,-2.77311301,-2.753600196,-2.566192294,0.47431676,-2.976341252,-2.926880622,-1.709592041
Colombia,COL,Latin America & Caribbean,49648685,49.648685,45,80.778,3,Upper middle income,6667.7907,0.761,23,68,8,30,77.109,current,1960,current,0,60,86.46153846,89,Pasteur 1173,3/22/2020,131,32,2.638539168,5,17,0.105541567,0.080566081,0.402830407,68,1.369623385,0.221556724,0.195660484,0.402830407,,,,,,0.970225418,-2.248650406,-2.518677544,-0.909239631,0.3145358,-1.507076632,-1.631374349,-0.909239631,,,,
Clipperton Island,CPT,,,,,,,,,,,,,,,,,,,,,,,,,,,,,,,,,,,,,,,,,,,,,,,,,,,,,
Costa Rica,CRI,Latin America & Caribbean,4999441,4.999441,98,79.34,3,Upper middle income,12027.36588,0.794,21,69,10,31.3,80.095,current,,current,0,,86.30769231,87,,3/19/2020,4,2,0.80008945,1,,0.028574623,0,0.200022363,1,0.200022363,0,0.028574623,0.200022363,,,,,,-0.223031745,-3.555236255,0,-1.609326106,-1.609326106,0,-3.555236255,-1.609326106,,,,
Cuba,CUB,Latin America & Caribbean,11338138,11.338138,109,77.037,3,Upper middle income,8821.818891,0.778,16,69,15,41.5,78.726,current,,current,0,,98.48717949,99,,3/18/2020,24,6,2.116749681,9,22,0.072991368,0,0.26459371,5,0.440989517,0,0.062998502,0.176395807,,,,,,0.749881743,-2.617414087,0,-1.329559799,-0.818734175,0,-2.764644324,-1.735024907,,,,
Cape Verde,CPV,Sub-Saharan Africa,543767,0.543767,135,65.732,2,Lower middle income,3635.40685,0.651,29,67,5,,72.782,current,,current,0,,89.54545455,94,,3/24/2020,1,1,1.839022964,1,1,0.07995752,0,1.839022964,0,0,0,0,0,,,,,,0.609234433,-2.526259783,0,0.609234433,0,0,0,0,,,,
Andorra,AND,Europe & Central Asia,77006,0.077006,,88.062,1,High income,42029.76274,0.857,,,,44.3,,interrupted,,,,,,,,3/22/2020,33,17,428.538036,1,1,17.14152144,12.98600109,51.94400436,9,116.8740098,12.98600109,16.69628712,38.95800327,,,,,,6.0603795,2.841503675,2.563871938,3.950166299,4.761096515,2.563871938,2.815186366,3.662484227,,,,
United Arab Emirates,ARE,Middle East & North Africa,9630959,9.630959,136,86.522,1,High income,43004.95336,0.866,15,84,1,30.3,77.814,current,,current,0,,82.36111111,98,,3/20/2020,33,8,3.426450055,1,16,0.126905558,0.10383182,0.519159099,6,0.622990919,0.10383182,0.088998703,0.20766364,,,,,,1.231524756,-2.06431211,-2.264982805,-0.655544893,-0.473223336,-2.264982805,-2.419133485,-1.571835625,,,,
Afghanistan,AFG,South Asia,37172386,37.172386,57,25.495,4,Low income,520.8966027,0.496,43,54,3,18.9,64.486,current,,current,0,,49.91666667,44,Danish Statens Serum Institute 1331,3/22/2020,25,7,0.672542247,5,,0.02690169,0,0.107606759,11,0.295918589,0.02690169,0.042274084,0.107606759,,,,,,-0.396690349,-3.615566174,0,-2.229271813,-1.217670901,-3.615566174,-3.16358105,-2.229271813,,,,
Antigua and Barbuda,ATG,Latin America & Caribbean,96286,0.096286,219,24.599,1,High income,16726.98081,0.776,22,69,9,31.9,76.885,current,,,,,99,99,,4/7/2020,2,,20.77145172,1,1,2.30793908,0,10.38572586,,,,,,,,,,,3.03357953,0.836354953,0,2.34043235,,,,,,,,
Anguilla,AIA,,,,,,,,,,,,,34.8,,interrupted,1953,2005,15,67,,,,,,,,,,,,,,,,,,,,,,,,,,,,,,,,,,
Albania,ALB,Europe & Central Asia,2866376,2.866376,105,60.319,3,Upper middle income,5268.848504,0.791,18,69,14,32.9,78.458,current,,current,0,,93.81081081,94,,3/11/2020,25,5,8.721814584,1,13,0.242272627,0,1.395490333,10,3.488725834,0.348872583,0.498389405,1.395490333,23,8.024069417,0.174436292,0.267468981,1.395490333,2.165827311,-1.417691628,0,0.333245847,1.249536579,-1.053048514,-0.69637357,0.333245847,2.082445702,-1.746195695,-1.31875168,0.333245847
Armenia,ARM,Europe & Central Asia,2951776,2.951776,104,63.149,3,Upper middle income,4212.070943,0.76,21,68,11,35.1,74.945,current,1998,current,0,22,92.55172414,95,"Sofia, Bulgaria/ InterVac Ltd Toronto Cada",3/26/2020,17,9,5.759244604,1,4,0.274249743,0.338779094,1.016337283,8,2.710232755,0.338779094,0.387176108,0.677558189,,,,,,1.750806321,-1.293716117,-1.082407023,0.016205266,0.997034519,-1.082407023,-0.94887563,-0.389259843,,,,
Angola,AGO,Sub-Saharan Africa,30809762,30.809762,25,65.514,2,Lower middle income,3432.385736,0.574,47,51,2,15.9,60.782,current,1979,current,0,41,64.6,65,Serum Institute of India,3/29/2020,2,2,0.06491449,,,0.003606361,0,0.06491449,,,,,,,,,,,-2.734684407,-5.625056165,0,-2.734684407,,,,,,,,
Argentina,ARG,Latin America & Caribbean,44494502,44.494502,16,91.87,3,Upper middle income,11683.94962,0.83,25,64,11,31.7,76.52,current,,current,0,,92.84615385,99,Anlis Malbran,3/8/2020,111,4,2.494690243,17,30,0.063966416,0.022474687,0.224746869,14,0.314645616,0.044949374,0.044949374,0.112373434,48,1.07878497,0.022474687,0.035959499,0.179797495,0.91416457,-2.749397076,-3.795365631,-1.492780538,-1.156308301,-3.10221845,-3.10221845,-2.185927719,0.07583538,-3.795365631,-3.325362002,-1.715924089
American Samoa,ASM,East Asia & Pacific,55465,0.055465,,87.153,3,Upper middle income,11466.69071,,,,,25.5,,,,,,,,,,,0,,0,,,,,,,,,,,,,,,,0,,,,,,,,,,,
Austria,AUT,Europe & Central Asia,8847037,8.847037,107,58.297,1,High income,51461.95478,0.914,14,67,19,44,81.64390244,interrupted,1952,1990,30,68,90,90,,3/12/2020,393,30,44.42165213,1,11,1.269190061,1.130321937,3.390965811,116,13.11173447,2.034579487,1.873104924,2.486708262,319,36.0572698,1.07380584,1.201908993,3.390965811,3.793727011,0.23837895,0.122502492,1.221114781,2.57350759,0.710289157,0.627597441,0.910959853,3.585108502,0.071209198,0.18391112,1.221114781
"Bonaire, Sint Eustatius and Saba",BES,,,,,,,,,,,,,,,,,,,,,,,,,,,,,,,,,,,,,,,,,,,,,,,,,,,,,
Brazil,BRA,Latin America & Caribbean,209469333,209.469333,25,86.569,3,Upper middle income,8920.762105,0.761,21,70,9,32.6,75.672,current,1967,current,0,53,89.30769231,99,BCG Moreau - Rio de Janeiro,3/17/2020,1736,159,8.287609337,6,16,0.276253645,0.176636835,0.973889576,405,1.933457247,0.200506678,0.276208178,0.410561292,1736,8.287609337,0.176636835,0.276253645,0.973889576,2.114761548,-1.286435833,-1.733659434,-0.026457353,0.65930972,-1.606907729,-1.286600429,-0.890230051,2.114761548,-1.733659434,-1.286435833,-0.026457353
Bahamas,BHS,Latin America & Caribbean,385640,0.38564,39,83.025,1,High income,32217.87159,0.805,22,70,7,,73.752,,,,,,,,,4/1/2020,8,8,20.74473602,1,1,1.382982402,0,7.779276009,,,,,,,,,,,3.032292529,0.324242328,0,2.051463276,,,,,,,,
Bhutan,BTN,South Asia,754394,0.754394,20,40.895,2,Lower middle income,3243.231125,0.617,26,68,6,27.6,71.46,current,1979,current,0,41,83.15,93,Japan BCG Laboratory,,0,,0,,,,,,,,,,,,,,,,0,,,,,,,,,,,
Antarctica,ATA,,,,,,,,,,,,,,,,,,,,,,,,,,,,,,,,,,,,,,,,,,,,,,,,,,,,,
Bouvet Island,BVT,,,,,,,,,,,,,,,,,,,,,,,,,,,,,,,,,,,,,,,,,,,,,,,,,,,,,
Indonesia,IDN,East Asia & Pacific,267663435,267.663435,148,55.325,2,Lower middle income,3893.596078,0.707,27,68,6,30.2,71.509,current,1999,current,0,21,84.88095238,90,Pasteur Institute (Paris),3/11/2020,469,55,1.752200483,10,30,0.048672236,0.037360351,0.224162109,81,0.302618847,0.044832422,0.043231264,0.074720703,280,1.04608984,0.031756299,0.034869661,0.149441406,0.560872417,-3.022646522,-3.287145259,-1.49538579,-1.195281197,-3.104823702,-3.141191346,-2.593998078,0.045059251,-3.449664188,-3.35613813,-1.900850898
Iceland,ISL,Europe & Central Asia,353574,0.353574,4,93.813,1,High income,73191.11632,0.938,20,65,15,36.5,82.66097561,,,,,,,,,3/15/2020,8,2,22.62609807,1,1,1.319855721,0,14.1413113,4,11.31304904,0,1.616149862,5.656524518,14,39.59567163,0,1.319855721,14.1413113,3.119104022,0.277522428,0,2.649100393,2.425956841,0,0.480046692,1.732809661,3.67871981,0,0.277522428,2.649100393
Cocos (Keeling) Islands,CCK,,,,,,,,,,,,,,,,,,,,,,,,,,,,,,,,,,,,,,,,,,,,,,,,,,,,,
Canada,CAN,North America,37058856,37.058856,4,81.411,1,High income,46232.98962,0.922,16,67,17,42.2,81.94878049,interrupted,,,,,,,Tokyo 172,3/9/2020,1006,21,27.14600796,8,18,0.714368631,0.202380775,3.238092401,43,1.160316444,0.107936413,0.165759492,0.431745653,375,10.11903875,0.094444362,0.337301292,2.158728267,3.301229999,-0.336356161,-1.597604331,1.174984391,0.148692764,-2.22621299,-1.797217385,-0.839918629,2.314418674,-2.359744383,-1.086778707,0.769519283
Democratic Republic of The Congo,COD,Sub-Saharan Africa,84068091,84.068091,37,44.46,4,Low income,561.7771824,0.459,46,51,3,,60.368,current,,current,0,,64.19512195,62,,3/21/2020,21,13,0.249797512,12,,0.009607597,0,0.059475598,7,0.083265837,0,0.01189512,0.059475598,,,,,,-1.38710464,-4.645201178,0,-2.822189165,-2.485716929,0,-4.431627078,-2.822189165,,,,
Central African Republic,CAF,Sub-Saharan Africa,4666377,4.666377,7,41.364,4,Low income,475.7212505,0.381,44,53,3,19.7,52.805,current,,current,0,,58.13157895,57,,,0,,0,,,,,,,,,,,,,,,,0,,,,,,,,,,,
Congo,COG,Sub-Saharan Africa,5244363,5.244363,15,66.916,2,Lower middle income,2147.769461,0.609,42,56,3,,64.29,current,,current,0,,76.68571429,84,Serum Institute of India,4/2/2020,5,5,0.953404637,1,,0.068100331,0,0.572042782,,,,,,,,,,,-0.047715873,-2.686773203,0,-0.558541497,,,,,,,,
Switzerland,CHE,Europe & Central Asia,8516543,8.516543,216,73.797,1,High income,82796.54716,0.946,15,66,19,42.4,83.55121951,interrupted,1960,1987,33,60,21,21,Merieux,3/5/2020,1239,28,145.4815645,1,9,3.463846774,3.698683844,8.806390105,125,14.67731684,2.465789229,2.096759549,3.639974577,591,69.39435402,1.526440951,2.313145134,8.68897157,4.980049374,1.242379756,1.307977039,2.175477606,2.68630323,0.90251193,0.740393081,1.291976697,4.23980551,0.42293885,0.838608128,2.162054586
Côte D’Ivoire,CIV,Sub-Saharan Africa,25069229,25.069229,79,50.779,2,Lower middle income,1715.531332,0.516,42,55,3,,57.422,current,,current,0,,74.68965517,74,,3/29/2020,6,4,0.239337237,8,,0.013296513,0,0.079779079,,,,,,,,,,,-1.429881689,-4.320253446,0,-2.528493977,,,,,,,,
Cook Islands,COK,,,,,,,,,,,,,36.5,,,,,,,93.13513514,98,,,,,,,,,,,,,,,,,,,,,,,,,,,,,,,,
Saudi Arabia,SAU,Middle East & North Africa,33699947,33.699947,16,83.844,1,High income,23338.96346,0.857,25,72,3,27.5,74.998,current,1968,current,0,52,87.44117647,94,Pasteur-Japan,3/24/2020,79,38,2.344217337,5,13,0.101922493,0.118694549,0.237389097,27,0.801188204,0.089020912,0.114455458,0.20771546,,,,,,0.851951588,-2.283542628,-2.131201904,-1.438054723,-0.221659399,-2.418883976,-2.167569548,-1.571586116,,,,
Italy,ITA,Europe & Central Asia,60431283,60.431283,205,70.438,1,High income,34483.204,0.883,13,64,23,45.5,82.94634146,never,,,,82.94634146,,,,2/21/2020,21645,148,358.1754172,4,12,6.512280313,7.264449441,15.20735544,679,11.23590244,1.60512892,1.60512892,3.243353281,4825,79.84275297,0.637087252,2.661425099,13.12234261,5.881022859,1.873689673,1.982992512,2.721779221,2.419114226,0.473204077,0.473204077,1.176607758,4.380059112,-0.45084866,0.978861731,2.57431632
Jersey,JEY,,,,,,,,,,,,,38,,,,,,,,,,,,,,,,,,,,,,,,,,,,,,,,,,,,,,,,
Jamaica,JAM,Latin America & Caribbean,2934855,2.934855,271,55.674,3,Upper middle income,5354.236859,0.726,24,67,9,26,74.368,current,,current,0,,86.68421053,93,,3/19/2020,5,3,1.70366168,1,14,0.06084506,0,0.681464672,1,0.340732336,0,0.048676048,0.340732336,,,,,,0.532779864,-2.799424646,0,-0.383510868,-1.076658048,0,-3.022568197,-1.076658048,,,,
Jordan,JOR,Middle East & North Africa,9956011,9.956011,112,90.979,3,Upper middle income,4241.788782,0.723,34,62,4,22.5,74.405,current,,current,0,,80.05263158,95,,3/27/2020,7,7,0.703092835,1,,0.035154642,0,0.200883667,,,,,,,,,,,-0.35226634,-3.347998614,0,-1.605029309,,,,,,,,
Japan,JPN,East Asia & Pacific,126529100,126.5291,347,91.616,1,High income,39289.95843,0.915,13,60,28,47.3,84.21097561,current,1951,current,0,69,92.16,93,"Tokyo 172, Japan BCG Laboratory",2/13/2020,146,2,1.153884759,28,62,0.018315631,0.00790332,0.158066405,4,0.031613281,0,0.004516183,0.015806641,19,0.150163085,0,0.005005436,0.039516601,0.1431343,-4.000000426,-4.840472321,-1.844740048,-3.45417796,0,-5.400088109,-4.147325141,-1.896033342,0,-5.297230724,-3.231034409
Kenya,KEN,Sub-Saharan Africa,51393010,51.39301,90,27.03,2,Lower middle income,1710.510097,0.579,40,58,2,19.7,66.342,current,1967,current,0,53,79.74193548,85,Statens Serum Institute,3/26/2020,10,6,0.19457899,12,,0.009265666,0,0.038915798,4,0.077831596,0.019457899,0.011118799,0.019457899,,,,,,-1.636917078,-4.681439516,0,-3.24635499,-2.55320781,-3.939502171,-4.499117959,-3.939502171,,,,
Kyrgyzstan,KGZ,Europe & Central Asia,6315800,6.3158,33,36.351,2,Lower middle income,1281.363661,0.674,32,63,4,26.5,71.4,current,1945,current,0,75,97.48275862,98,,4/3/2020,5,,0.791665347,1,,0.060897334,0,0.474999208,,,,,,,,,,,-0.233616518,-2.798565875,0,-0.744442142,,,,,,,,
Cambodia,KHM,East Asia & Pacific,16249798,16.249798,92,23.388,2,Lower middle income,1510.324871,0.581,31,64,5,25.3,69.57,current,,current,0,,81.84375,87,,,0,,0,,,,,,,,,,,,,,,,0,,,,,,,,,,,
Kiribati,KIR,East Asia & Pacific,115847,0.115847,143,54.057,2,Lower middle income,1625.2861,0.623,36,61,4,24.6,68.116,current,,current,0,,80.35714286,86,,,,,,,,,,,,,,,,,,,,,,,,,,,,,,,,
Comoros,COM,Sub-Saharan Africa,832322,0.832322,447,28.965,2,Lower middle income,1415.263622,0.538,40,57,3,19.9,64.118,current,,current,0,,81.72727273,81,,,,,,,,,,,,,,,,,,,,,,,,,,,,,,,,
Saint Kitts and Nevis,KNA,Latin America & Caribbean,52441,0.052441,202,30.776,1,High income,19275.41851,0.777,,,,35,,current,,current,0,,95.95652174,99,,,0,,0,,,,,,,,,,,,,,,,0,,,,,,,,,,,
North Korea,PRK,East Asia & Pacific,25549819,25.549819,212,61.899,4,Low income,,,20,70,9,34,72.095,,,,,,85.30952381,96.5,,,,,,,,,,,,,,,,,,,,,,,,,,,,,,,,
Curaçao,CUW,Latin America & Caribbean,159849,0.159849,361,89.145,1,High income,19567.89244,,19,64,17,,,never,,,,,,,,,,,,,,,,,,,,,,,,,,,,,,,,,,,,,,
Christmas Island,CXR,,,,,,,,,,,,,,,,,,,,,,,,,,,,,,,,,,,,,,,,,,,,,,,,,,,,,
Cyprus,CYP,Europe & Central Asia,1189265,1.189265,129,66.81,1,High income,28689.69858,0.873,17,69,14,36.8,80.828,,,,,,,,,3/22/2020,12,11,10.09026584,1,3,0.538147511,0,1.681710973,3,2.522566459,0,0.360366637,1.681710973,,,,,,2.311571181,-0.619622572,0,0.519811711,0.925276819,0,-1.02063333,0.519811711,,,,
Czechia,CZE,Europe & Central Asia,10625695,10.625695,138,73.792,1,High income,23078.57349,0.891,16,65,19,,78.97804878,interrupted,1953,2010,10,67,97.83333333,98,Moreau,3/22/2020,166,59,15.62250752,3,7,0.624900301,0.658780437,1.694006839,70,6.587804374,0.941114911,0.941114911,1.223449384,,,,,,2.748712664,-0.470163161,-0.417364975,0.527096633,1.885220118,-0.060690031,-0.060690031,0.201674233,,,,
Germany,DEU,Europe & Central Asia,82927922,82.927922,237,77.312,1,High income,47603.02763,0.939,14,65,21,47.1,80.99268293,interrupted,1961,1998,22,59,,,"Kopenhagen 1331, Chiron-Behring, Germany",3/9/2020,3804,94,45.87116026,6,13,1.22681046,0.819989195,6.149918962,439,5.293753773,0.735578543,0.756250539,1.205866463,2016,24.3102679,0.379847936,0.810342263,2.725258207,3.825836603,0.204417679,-0.198464116,1.816438905,1.666527592,-0.307097957,-0.279382557,0.187198365,3.190898808,-0.967984275,-0.210298573,1.002563178
Djibouti,DJI,Middle East & North Africa,958920,0.95892,41,77.777,2,Lower middle income,3082.543099,0.495,30,66,5,23.9,66.582,current,,current,0,,69.44444444,79,,4/10/2020,2,,2.085679723,1,1,0.347613287,0,1.042839862,,,,,,,,,,,0.735094808,-1.056664661,0,0.041947628,,,,,,,,
Denmark,DNK,Europe & Central Asia,5797446,5.797446,138,87.874,1,High income,61350.34791,0.93,16,64,20,42.2,81.35121951,interrupted,1946,1986,34,74,90,90,Danish Statens Serum Institute,3/14/2020,309,52,53.29933215,1,6,1.615131277,1.724897481,3.794774458,87,15.00660808,2.242366725,2.143801155,3.277305213,273,47.08970122,1.552407733,1.569656707,3.794774458,3.975923801,0.47941624,0.545167617,1.333624978,2.708490643,0.807531882,0.762580494,1.187021503,3.852054319,0.439807102,0.450856938,1.333624978
Dominica,DMA,Latin America & Caribbean,71625,0.071625,96,70.483,3,Upper middle income,7691.345097,0.724,,,,33.5,,current,,current,0,,95.18421053,99,,,0,,0,,,,,,,,,,,,,,,,0,,,,,,,,,,,
Dominican Republic,DOM,Latin America & Caribbean,10627165,10.627165,220,81.074,3,Upper middle income,8050.631602,0.745,28,65,7,28.1,73.892,current,,current,0,,79.82051282,92,,3/17/2020,189,42,17.78461142,3,11,0.592820381,0.470492366,3.575741978,44,4.140332817,0.564590839,0.591476117,1.317378624,189,17.78461142,0.470492366,0.592820381,3.575741978,2.878333556,-0.522863825,-0.753975546,1.274172701,1.420776175,-0.57165399,-0.525133974,0.275643871,2.878333556,-0.753975546,-0.522863825,1.274172701
Algeria,DZA,Middle East & North Africa,42228429,42.228429,18,72.629,3,Upper middle income,4114.715061,0.759,30,63,6,28.1,76.693,current,,current,0,,94.35483871,98,,3/12/2020,336,21,7.956725077,7,20,0.227335002,0.094722918,0.710421882,37,0.876186988,0.094722918,0.12516957,0.331530212,256,6.062266726,0.071042188,0.202075558,0.710421882,2.074017493,-1.481330569,-2.356799306,-0.341896286,-0.132175755,-2.356799306,-2.078085904,-1.104036338,1.802083777,-2.644481379,-1.599113604,-0.341896286
Ecuador,ECU,Latin America & Caribbean,17084357,17.084357,69,63.821,3,Upper middle income,6344.871979,0.758,28,65,7,27.7,76.8,interrupted,1978,current,0,42,94.69230769,99,,3/14/2020,388,36,22.71083424,1,10,0.688207098,0.526797702,2.985186975,109,6.380105497,0.877996169,0.911443642,1.580393105,333,19.49151496,0.438998085,0.649717165,2.985186975,3.12284209,-0.373665471,-0.640938672,1.093662383,1.853184633,-0.130113048,-0.092725516,0.457673616,2.96997924,-0.823260229,-0.431218141,1.093662383
Estonia,EST,Europe & Central Asia,1320884,1.320884,30,68.88,1,High income,23266.34627,0.882,16,64,20,42.7,78.54390244,current,1945,current,0,75,97.51162791,98,Danish,3/25/2020,35,21,26.49740628,1,5,1.204427558,0.757068751,4.542412506,10,7.570687509,0.757068751,1.081526787,2.271206253,,,,,,3.277046852,0.186004399,-0.278301209,1.51345826,2.024283884,-0.278301209,0.078373735,0.820311079,,,,
Egypt,EGY,Middle East & North Africa,98423595,98.423595,99,42.704,2,Lower middle income,2549.132252,0.7,34,61,5,23.9,71.825,current,1974,current,0,46,90.94871795,95,,3/8/2020,183,10,1.85931026,14,32,0.047674622,0.040640661,0.172722811,26,0.264164299,0.040640661,0.037737757,0.060960992,85,0.863614055,0.020320331,0.028787135,0.081281323,0.620205591,-3.043356055,-3.202986201,-1.756067218,-1.331184024,-3.202986201,-3.277094173,-2.797521093,-0.146629305,-3.896133381,-3.547826687,-2.50983902
Western Sahara,ESH,,,,,,,,,,,,,21.1,,,,,,,,,,,,,,,,,,,,,,,,,,,,,,,,,,,,,,,,
Greece,GRC,Europe & Central Asia,10727668,10.727668,83,79.058,1,High income,20324.25356,0.872,14,64,22,44.5,81.28780488,current,,current,0,,72.47058824,76,,3/11/2020,102,20,9.508124226,4,11,0.264114562,0.186433808,0.932169042,29,2.703290221,0.372867617,0.386184317,0.559301425,87,8.109870663,0.186433808,0.270329022,0.932169042,2.252146615,-1.331372324,-1.679679018,-0.070241105,0.994469632,-0.986531837,-0.951440518,-0.581066729,2.09308192,-1.679679018,-1.308115461,-0.070241105
Eritrea,ERI,Sub-Saharan Africa,,,,,4,Low income,,0.434,,,,19.7,65.941,current,,current,0,,79.34615385,87.5,,,0,,,,,,,,,,,,,,,,,,,,,,,,,,,,,
Spain,ESP,Europe & Central Asia,46723749,46.723749,94,80.321,1,High income,30370.89233,0.893,15,66,19,42.7,83.33414634,interrupted,1965,1981,39,55,,,Danesa (Danish),3/3/2020,18708,342,400.3959528,4,9,9.099908019,10.9366224,20.56769888,1969,42.14131019,4.558709533,6.02018717,11.53588938,9387,200.9042553,3.049840885,6.696808512,19.75440798,5.99245394,2.208264306,2.392117011,3.02372183,3.741028499,1.517039586,1.79511835,2.445462992,5.302828453,1.11508942,1.901631071,2.983376655
Ethiopia,ETH,Sub-Saharan Africa,109224559,109.224559,109,20.763,4,Low income,772.3135303,0.47,41,56,4,17.9,66.24,current,1980,current,0,40,51.91891892,54,Danish Statens Serum Institute,4/5/2020,3,,0.02746635,,,0.002496941,0,0.0183109,,,,,,,,,,,-3.594793649,-5.992688921,0,-4.000258757,,,,,,,,
Finland,FIN,Europe & Central Asia,5518050,5.51805,18,85.382,1,High income,50152.34014,0.925,16,62,22,42.5,81.83414634,interrupted,1941,2006,14,79,96.30769231,99,Danish Statens Serum Institute,3/21/2020,72,20,13.04808764,1,7,0.515789789,0.362446879,1.449787516,30,5.436703183,0.906117197,0.776671883,1.268564076,,,,,,2.568641582,-0.662055982,-1.014877356,0.371417005,1.693172845,-0.098586625,-0.252737304,0.237885612,,,,
Fiji,FJI,East Asia & Pacific,883483,0.883483,48,56.248,3,Upper middle income,6266.967965,0.724,30,65,5,28.9,67.341,current,,current,0,,95.725,99,,,0,,0,,,,,,,,,,,,,,,,0,,,,,,,,,,,
Falkland Islands,FLK,,,,,,,,,,,,,,,,,,,,,,,,,,,,,,,,,,,,,,,,,,,,,,,,,,,,,
Micronesia,FSM,East Asia & Pacific,112640,0.11264,161,22.703,2,Lower middle income,3568.290829,0.614,32,64,4,,67.755,current,,current,0,,59.83333333,67,,,,,,,,,,,,,,,,,,,,,,,,,,,,,,,,
Faroes,FRO,Europe & Central Asia,48497,0.048497,,42.064,1,High income,,,,,,,82.54878049,,,,,,,,,,,,,,,,,,,,,,,,,,,,,,,,,,,,,,,
France,FRA,Europe & Central Asia,66987244,66.987244,122,80.444,1,High income,41463.64402,0.891,18,62,20,41.4,82.52682927,interrupted,1950,2007,13,70,80.07407407,81,Statens Serum Institute,2/15/2020,17188,2,256.5861644,21,28,4.206330564,0.223923229,21.49663002,7,0.104497507,0.014928215,0.014928215,0.044784646,91,1.358467591,0,0.045282253,0.462774674,5.547464532,1.436590668,-1.496452012,3.067896179,-2.258592064,-4.204502213,-4.204502213,-3.105889925,0.306357293,0,-3.094840088,-0.770515009
Gabon,GAB,Sub-Saharan Africa,2119275,2.119275,8,89.37,3,Upper middle income,7952.525893,0.702,37,59,4,18.6,66.187,current,,current,0,,71.82352941,73.5,,3/20/2020,1,1,0.47185948,1,,0.017476277,0,0.47185948,0,0,0,0,0,,,,,,-0.751074049,-4.046910915,0,-0.751074049,0,0,0,0,,,,
Grenada,GRD,Latin America & Caribbean,111454,0.111454,328,36.272,3,Upper middle income,10640.49676,0.763,24,67,10,31.5,72.384,,,,,,,,,,0,,0,,,,,,,,,,,,,,,,0,,,,,,,,,,,
Georgia,GEO,Europe & Central Asia,3731000,3.731,65,58.632,3,Upper middle income,4717.143026,0.786,20,65,15,38.1,73.6,current,1945,current,0,75,87.02702703,95,,3/12/2020,552,1,147.9496114,1,20,3.164972028,1.340123291,26.80246583,13,3.484320557,0,0.49776008,1.876172608,83,22.24604664,0.134012329,0.741534888,4.288394532,4.996871752,1.152144218,0.292761618,3.288493892,1.248273063,0,-0.697637086,0.629233855,3.102164314,-2.009823475,-0.299033068,1.455912428
Guernsey,GGY,,,,,,,,,,,,,43.8,,,,,,,,,,,,,,,,,,,,,,,,,,,,,,,,,,,,,,,,
Ghana,GHA,Sub-Saharan Africa,29767108,29.767108,131,56.06,2,Lower middle income,2202.312164,0.596,38,59,3,21.1,63.78,current,,current,0,,77.43243243,91,,3/21/2020,8,5,0.268753014,5,,0.010336654,0,0.067188254,1,0.033594127,0,0.004799161,0.033594127,,,,,,-1.313962484,-4.572059022,0,-2.700256845,-3.393404026,0,-5.339314175,-3.393404026,,,,
Gibraltar,GIB,Europe & Central Asia,33718,0.033718,,100,1,High income,,,,,,34.7,,interrupted,1953,2005,15,67,,,,,,,,,,,,,,,,,,,,,,,,,,,,,,,,,,
Greenland,GRL,Europe & Central Asia,56025,0.056025,0,86.816,1,High income,,,,,,33.9,,current,1955,current,0,65,,,Danish SSI,,,,,,,,,,,,,,,,,,,,,,,,,,,,,,,
Gambia,GMB,Sub-Saharan Africa,2280102,2.280102,225,61.27,4,Low income,716.118489,0.466,44,53,3,,61.735,current,1979,current,0,41,95.51282051,97,Russian Strain Serum Institute India,3/23/2020,1,1,0.438576871,1,,0.018274036,0,0.438576871,0,0,0,0,0,,,,,,-0.824220179,-4.002274009,0,-0.824220179,0,0,0,0,,,,
Guinea,GIN,Sub-Saharan Africa,12414318,12.414318,51,36.14,4,Low income,878.5996133,0.466,44,53,3,18.9,61.185,,,,,,74.56666667,78,,4/15/2020,1,,0.08055215,,,0.08055215,0.08055215,0.08055215,,,,,,,,,,,-2.518850484,-2.518850484,-2.518850484,-2.518850484,,,,,,,,
Equatorial Guinea,GNQ,Sub-Saharan Africa,1308974,1.308974,47,72.143,3,Upper middle income,10261.76001,0.588,37,60,2,19.8,58.402,current,,current,0,,59.72413793,56,,,0,,0,,,,,,,,,,,,,,,,0,,,,,,,,,,,
South Georgia and The South Sandwich Islands,SGS,,,,,,,,,,,,,,,,,,,,,,,,,,,,,,,,,,,,,,,,,,,,,,,,,,,,,
Guatemala,GTM,Latin America & Caribbean,17247807,17.247807,161,51.054,3,Upper middle income,4549.010081,0.651,34,61,5,22.1,74.063,current,,current,0,,71.51282051,88,,3/16/2020,5,1,0.289891927,20,,0.009351352,0,0.115956771,1,0.057978385,0,0.008282626,0.057978385,5,0.289891927,0,0.009663064,0.115956771,-1.238247093,-4.672234297,0,-2.154537824,-2.847685005,0,-4.793595154,-2.847685005,-1.238247093,0,-4.639444474,-2.154537824
Guam,GUM,East Asia & Pacific,165768,0.165768,307,94.78,1,High income,35712.56214,,24,66,10,29,79.859,,,,,,,,,3/22/2020,5,4,30.16263694,,,1.206505478,0,6.032527388,1,6.032527388,0,0.861789627,6.032527388,,,,,,3.406603971,0.187728146,0,1.797166059,1.797166059,0,-0.148744091,1.797166059,,,,
Guinea-Bissau,GNB,Sub-Saharan Africa,1874309,1.874309,67,43.36,4,Low income,777.9699218,0.461,42,55,3,20.1,58.003,current,,current,0,,83.51515152,89,,,0,,0,,,,,,,,,,,,,,,,0,,,,,,,,,,,
Guyana,GUY,Latin America & Caribbean,779004,0.779004,4,26.606,3,Upper middle income,4979.002188,0.67,28,65,6,26.2,69.774,current,,current,0,,90.23684211,94,,3/12/2020,6,1,7.702142736,1,1,0.220061221,0,2.567380912,1,1.283690456,0,0.183384351,1.283690456,6,7.702142736,0,0.256738091,2.567380912,2.041498568,-1.513849494,0,0.942886279,0.249739098,0,-1.696171051,0.249739098,2.041498568,0,-1.359698814,0.942886279
Hong Kong,HKG,East Asia & Pacific,7451000,7.451,7096,100,1,High income,48675.61646,0.939,12,71,17,44.4,84.93414634,current,1960,current,0,60,,,"Currently Russian strain, previously Statens Serum Institute",,,,,,,,,,,,,,,,,,,,,,,,,,,,,,,
Heard Island and Mcdonald Islands,HMD,,,,,,,,,,,,,,,,,,,,,,,,,,,,,,,,,,,,,,,,,,,,,,,,,,,,,
Honduras,HND,Latin America & Caribbean,9587522,9.587522,86,57.096,2,Lower middle income,2500.113213,0.623,32,64,5,23,75.088,current,1970,current,0,50,84.97435897,94,,3/26/2020,31,22,3.233369373,1,7,0.15396997,0.104302238,0.730115665,9,0.938720141,0.104302238,0.134102877,0.521511189,,,,,,1.173524743,-1.870997695,-2.260462461,-0.314552312,-0.063237884,-2.260462461,-2.009148033,-0.651024549,,,,
Croatia,HRV,Europe & Central Asia,4089400,4.0894,73,56.947,1,High income,14909.69319,0.837,15,65,20,43,78.07073171,current,1948,current,0,72,98.03225806,98,"Moreau, Brazilian strain",3/19/2020,33,6,8.069643468,1,10,0.288201552,0.244534651,1.467207903,13,3.178950457,0.244534651,0.45413578,0.978138602,,,,,,2.088109301,-1.244095209,-1.40839826,0.383361209,1.156551097,-1.40839826,-0.789359052,-0.022103899,,,,
Haiti,HTI,Latin America & Caribbean,11123176,11.123176,404,55.278,4,Low income,868.3420247,0.503,33,62,5,23,63.66,current,,current,0,,57.86486486,59,Intervax Bulgarie,4/5/2020,3,,0.269707141,5,,0.024518831,0,0.08990238,,,,,,,,,,,-1.310418571,-3.708313844,0,-2.40903086,,,,,,,,
Hungary,HUN,Europe & Central Asia,9768785,9.768785,108,71.351,1,High income,16161.98051,0.845,14,66,19,42.3,75.81707317,current,1953,current,0,67,99,99,"Danish, Statens Serum Institute",3/15/2020,134,11,13.71716135,1,11,0.428661292,0.204733751,1.43313626,21,2.14970439,0.204733751,0.307100627,0.614201254,109,11.15798945,0.204733751,0.371932982,1.43313626,2.618647702,-0.847088201,-1.586044917,0.359865232,0.76533034,-1.586044917,-1.180579809,-0.487432629,2.412155784,-1.586044917,-0.989041597,0.359865232
Ireland,IRL,Europe & Central Asia,4853506,4.853506,70,63.17,1,High income,78806.432,0.942,21,65,14,36.8,82.60731707,current,1950,current,0,70,78.77777778,86.5,Danish SSI 1331,3/11/2020,444,7,91.4802619,1,13,2.541118386,2.060366259,8.447501662,64,13.18634406,2.060366259,1.883763437,3.50262264,263,54.18763261,0.515091565,1.80625442,7.417318532,4.516123232,0.932604294,0.722883763,2.133870736,2.579181753,0.722883763,0.633271604,1.253512014,3.992452702,-0.663410599,0.59125532,2.003817608
Israel,ISR,Middle East & North Africa,8883800,8.8838,411,92.418,1,High income,41715.02928,0.906,28,60,12,29.9,82.80243902,interrupted,1955,1982,38,65,73,75,,3/21/2020,130,40,14.63337761,1,7,0.562822216,0.450257773,1.463337761,55,6.191044373,0.900515545,0.88443491,1.463337761,,,,,,2.683305057,-0.574791481,-0.797935032,0.380719964,1.823103792,-0.104787852,-0.122806357,0.380719964,,,,
Isle of Man,IMN,Europe & Central Asia,84077,0.084077,148,52.588,1,High income,,,,,,44.2,,,,,,,,,,,,,,,,,,,,,,,,,,,,,,,,,,,,,,,,
India,IND,South Asia,1352617328,1352.617328,455,34.03,2,Lower middle income,2009.978857,0.647,27,67,6,28.1,69.416,current,1948,current,0,72,75.6,87.5,"BCGVL Cheni strain, BCG laboratory Guindy, Cheni, India",3/11/2020,405,10,0.299419497,27,,0.008358281,0.002217922,0.035486755,25,0.018482685,0.002217922,0.002640384,0.005914459,228,0.168562087,0.001848269,0.005618736,0.035486755,-1.205909689,-4.784502509,-6.111184467,-3.338595745,-3.990920931,-6.111184467,-5.93683108,-5.130355214,-1.780451127,-6.293506024,-5.181648509,-3.338595745
British Indian Ocean Territory,IOT,,,,,,,,,,,,,,,,,,,,,,,,,,,,,,,,,,,,,,,,,,,,,,,,,,,,,
Iraq,IRQ,Middle East & North Africa,38433600,38.4336,89,70.473,3,Upper middle income,5834.166211,0.689,38,58,3,20,70.454,current,1980,current,0,40,84.39473684,88.5,,3/4/2020,79,11,2.05549311,4,24,0.047802165,0.0260189,0.182132301,16,0.416302402,0.0780567,0.059471772,0.104075601,54,1.405020607,0.0260189,0.04683402,0.182132301,0.720515775,-3.04068434,-3.648932077,-1.703021928,-0.876343355,-2.550319788,-2.822253504,-2.262637716,0.34005197,-3.648932077,-3.061145412,-1.703021928
Sierra Leone,SLE,Sub-Saharan Africa,7650154,7.650154,106,42.055,4,Low income,533.9911843,0.438,41,56,3,19,54.309,current,1990,current,0,30,76.05714286,82,Statens Serum Institute,,0,,0,,,,,,,,,,,,,,,,0,,,,,,,,,,,
San Marino,SMR,Europe & Central Asia,33785,0.033785,563,97.226,1,High income,,,,,,44.4,,never,,,,,,,,3/3/2020,36,7,1065.56164,1,1,24.21731,0,177.5936066,13,384.7861477,0,54.96944967,177.5936066,26,769.5722954,0,25.65240985,177.5936066,6.9712573,3.187067667,0,5.179497831,5.952687719,0,4.00677757,5.179497831,6.6458349,0,3.244637518,5.179497831
Senegal,SEN,Sub-Saharan Africa,15854360,15.85436,82,47.192,2,Lower middle income,1521.953554,0.514,43,54,3,18.8,67.665,current,1986,current,0,34,87,90,Pasteur Institute,4/1/2020,2,2,0.126148265,4,,0.008409884,0,0.063074132,,,,,,,,,,,-2.070297361,-4.778347562,0,-2.763444541,,,,,,,,
Somalia,SOM,Sub-Saharan Africa,15008154,15.008154,24,44.971,4,Low income,314.5441657,,47,51,3,18.1,57.068,current,,current,0,,40.1875,39,,4/8/2020,5,,0.333152232,6,,0.041644029,0,0.199891339,,,,,,,,,,,-1.099155741,-3.178597283,0,-1.609981365,,,,,,,,
Suriname,SUR,Latin America & Caribbean,575991,0.575991,4,66.06,3,Upper middle income,6234.044922,0.724,27,66,7,29.8,71.57,current,,,,,,,,4/3/2020,1,,1.736138238,1,1,0.133549095,0,1.736138238,,,,,,,,,,,0.551663243,-2.013286114,0,0.551663243,,,,,,,,
South Sudan,SSD,Sub-Saharan Africa,10975920,10.97592,,19.615,4,Low income,,0.413,42,55,3,17.3,57.604,,,,,,55.83333333,57.5,,,0,,0,,,,,,,,,,,,,,,,0,,,,,,,,,,,
São Tomé and Príncipe,STP,Sub-Saharan Africa,211028,0.211028,220,72.803,2,Lower middle income,2001.140902,0.609,43,55,3,,70.17,current,,current,0,,92.14705882,95.5,,,0,,0,,,,,,,,,,,,,,,,0,,,,,,,,,,,
El Salvador,SLV,Latin America & Caribbean,6420744,6.420744,310,72.023,2,Lower middle income,4058.252439,0.667,27,65,8,27.1,73.096,current,1970,current,0,50,78.12820513,85,Pasteur Institute,3/31/2020,6,6,0.934471145,1,,0.058404447,0,0.155745191,,,,,,,,,,,-0.06777453,-2.840363252,0,-1.859533999,,,,,,,,
Sint-Maarten,SXM,Latin America & Caribbean,40654,0.040654,1193,100,1,High income,,,,,,,,,,,,,,,,,,,,,,,,,,,,,,,,,,,,,,,,,,,,,,
Syria,SYR,Middle East & North Africa,16906283,16.906283,92,54.162,4,Low income,,0.549,31,64,5,24.3,71.779,current,,current,0,,85.61538462,98,,3/29/2020,2,2,0.118299215,2,,0.006572179,0,0.059149607,,,,,,,,,,,-2.134538147,-5.024909905,0,-2.827685328,,,,,,,,
Eswatini,SWZ,Sub-Saharan Africa,1136191,1.136191,66,23.799,2,Lower middle income,4145.974112,0.608,38,58,4,,59.401,current,,current,0,,87.26315789,94.5,,,0,,0,,,,,,,,,,,,,,,,0,,,,,,,,,,,
Turks and Caicos Islands,TCA,Latin America & Caribbean,37665,0.037665,40,93.098,1,High income,27142.2278,,,,,33.3,,,,,,,,,,,,,,,,,,,,,,,,,,,,,,,,,,,,,,,,
Chad,TCD,Sub-Saharan Africa,15477751,15.477751,12,23.059,4,Low income,728.3432354,0.401,47,50,2,17.8,53.977,current,,current,0,,58.4516129,57,,,0,,0,,,,,,,,,,,,,,,,0,,,,,,,,,,,
French Southern and Antarctic Lands,ATF,,,,,,,,,,,,,,,,,,,,,,,,,,,,,,,,,,,,,,,,,,,,,,,,,,,,,
Togo,TGO,Sub-Saharan Africa,7889094,7.889094,145,41.702,4,Low income,679.2570836,0.513,41,56,3,19.8,60.76,current,,current,0,,81.375,83,,3/27/2020,3,3,0.380271803,1,,0.01901359,0,0.126757268,,,,,,,,,,,-0.966869011,-3.962601284,0,-2.065481299,,,,,,,,
Thailand,THA,East Asia & Pacific,69428524,69.428524,136,49.949,3,Upper middle income,7273.563207,0.765,17,71,12,37.7,76.931,current,1977,current,0,43,88.7804878,99,"Tokyo, Thai Red Cross",3/1/2020,43,1,0.619341987,29,,0.013463956,0,0.057613208,0,0,0,0,0,9,0.129629718,0,0.004320991,0.043209906,-0.479097676,-4.307739073,0,-2.854003431,0,0,0,0,-2.043073214,0,-5.444270596,-3.141685503
Tajikistan,TJK,Europe & Central Asia,9100837,9.100837,66,27.134,4,Low income,826.6215305,0.656,37,60,3,24.5,70.879,current,,current,0,,93.93333333,97.5,An attentuated strain - Micobacterium bovis Tokyo 172-1 substrain,,,,,,,,,,,,,,,,,,,,,,,,,,,,,,,
Tokelau,TKL,,,,,,,,,,,,,,,,,,,,,,,,,,,,,,,,,,,,,,,,,,,,,,,,,,,,,
Timor-Leste,TLS,East Asia & Pacific,1267972,1.267972,85,30.578,2,Lower middle income,2035.533908,0.626,38,58,4,,69.26,current,,current,0,,79.76470588,79,,,0,,0,,,,,,,,,,,,,,,,0,,,,,,,,,,,
Turkmenistan,TKM,Europe & Central Asia,5850908,5.850908,12,51.593,3,Upper middle income,6966.635411,0.71,31,65,4,27.9,68.073,current,,current,0,,97.75862069,99,,,,,,,,,,,,,,,,,,,,,,,,,,,,,,,,
Tunisia,TUN,Middle East & North Africa,11565204,11.565204,74,68.945,2,Lower middle income,3447.50791,0.739,24,68,8,31.6,76.505,current,1979,current,0,41,89.15384615,91,Pasteur 1173 P2,3/19/2020,35,12,3.026319294,4,14,0.108082832,0.086466266,0.345865062,12,1.037595186,0.086466266,0.148227884,0.345865062,,,,,,1.107347127,-2.224857384,-2.448000935,-1.061706574,0.036905715,-2.448000935,-1.909004434,-1.061706574,,,,
Tonga,TON,East Asia & Pacific,103197,0.103197,143,23.131,3,Upper middle income,4364.015561,0.717,35,59,6,23,70.801,current,,current,0,,96.42105263,99,,,,,,,,,,,,,,,,,,,,,,,,,,,,,,,,
Philippines,PHL,East Asia & Pacific,106651922,106.651922,358,46.907,2,Lower middle income,3102.713363,0.712,31,64,5,23.5,71.095,current,1951,current,0,69,81.14634146,87,,2/2/2020,349,1,3.272327338,43,61,0.044727467,0,0.468814805,0,0,0,0,0,1,0.009376296,0,0.000312543,0.009376296,1.185501456,-3.107167503,0,-0.757547461,0,0,0,0,-4.669570466,0,-8.070767848,-4.669570466
Pakistan,PAK,South Asia,212215030,212.21503,275,36.666,2,Lower middle income,1482.403063,0.56,35,60,4,23.8,67.114,current,1978,current,0,42,73.25,82,"Japaneece strain, Japaneece BCG Lab, Japan",3/19/2020,111,27,0.523054376,13,,0.018680513,0.009424403,0.094244032,34,0.160214854,0.028273209,0.022887836,0.032985411,,,,,,-0.648069852,-3.980274362,-4.664452873,-2.36186778,-1.831239528,-3.565840584,-3.777149678,-3.411689904,,,,
Poland,POL,Europe & Central Asia,37978548,37.978548,124,60.058,1,High income,15420.91116,0.872,15,67,18,40.7,77.75365854,current,1955,current,0,65,94.27906977,94,BCG SSI,3/12/2020,286,14,7.530566993,5,21,0.215159057,0.105322615,0.789919615,29,0.763588961,0.052661308,0.109084137,0.263306538,181,4.765848342,0.052661308,0.158861611,0.789919615,2.018970337,-1.536377725,-2.250727113,-0.235824092,-0.269725644,-2.943874293,-2.215635793,-1.334436381,1.561475557,-2.943874293,-1.839721824,-0.235824092
Saint Pierre and Miquelon,SPM,,,,,,,,,,,,,46.5,,,,,,,,,,,,,,,,,,,,,,,,,,,,,,,,,,,,,,,,
Pitcairn Islands,PCN,,,,,,,,,,,,,,,,,,,,,,,,,,,,,,,,,,,,,,,,,,,,,,,,,,,,,
Puerto Rico,PRI,Latin America & Caribbean,3195153,3.195153,360,93.578,1,High income,31651.34815,,17,64,19,41.5,79.77819512,,,,,,,,,3/21/2020,51,15,15.96167695,,,0.613910652,0.312974058,2.816766521,24,7.511377389,0.625948116,1.073053913,2.816766521,,,,,,2.770190659,-0.487905879,-1.161634974,1.035589603,2.016418856,-0.468487793,0.070508707,1.035589603,,,,
Palestine,PSE,Middle East & North Africa,4569087,4.569087,759,76.164,2,Lower middle income,3198.866644,0.69,39,58,3,,73.895,current,,current,0,,,,,3/26/2020,2,1,0.437724211,1,,0.02084401,0,0.218862105,1,0.218862105,0,0.031266015,0.218862105,,,,,,-0.826166223,-3.870688661,0,-1.519313404,-1.519313404,0,-3.465223553,-1.519313404,,,,
Portugal,PRT,Europe & Central Asia,10281762,10.281762,112,65.211,1,High income,23407.90659,0.85,13,65,22,42.2,81.72439024,current,1965,current,0,55,80.33333333,87,,3/17/2020,599,140,58.25849694,2,5,1.941949898,1.993821682,3.598604986,171,16.63139061,2.139711073,2.375912945,3.598604986,599,58.25849694,1.993821682,1.941949898,3.598604986,4.064889952,0.66369257,0.69005324,1.280546267,2.81129191,0.760670807,0.865381761,1.280546267,4.064889952,0.69005324,0.66369257,1.280546267
Palau,PLW,East Asia & Pacific,17907,0.017907,39,79.93,1,High income,15859.43486,0.814,,,,33.4,,,,,,,99,99,,,,,,,,,,,,,,,,,,,,,,,,,,,,,,,,
Paraguay,PRY,Latin America & Caribbean,6956071,6.956071,18,61.585,3,Upper middle income,5821.814323,0.724,29,64,6,28.2,74.131,current,,current,0,,76.79487179,80,,3/21/2020,8,3,1.150074518,1,25,0.044233635,0,0.287518629,3,0.431277944,0,0.061611135,0.287518629,,,,,,0.139826738,-3.1182698,0,-1.246467623,-0.841002515,0,-2.786912664,-1.246467623,,,,
Qatar,QAT,Middle East & North Africa,2781677,2.781677,240,99.135,1,High income,68793.78444,0.848,14,85,1,33.2,80.1,current,,current,0,,88.63157895,97.5,,3/28/2020,7,6,2.516467584,1,6,0.132445662,0,0.718990738,,,,,,,,,,,0.922856166,-2.021582813,0,-0.329906803,,,,,,,,
Romania,ROU,Europe & Central Asia,19473936,19.473936,85,53.998,3,Upper middle income,12301.1864,0.816,16,66,18,41.1,75.4097561,current,1928,current,0,92,97.78125,99,Romanian BCG substrain Catacuzino Institute,3/22/2020,372,146,19.10245571,1,5,0.764098229,0.872961686,1.437819247,145,7.445849673,1.129715123,1.06369281,1.437819247,,,,,,2.949816898,-0.269058927,-0.135863612,0.363127554,2.007656786,0.121965497,0.061746637,0.363127554,,,,
Serbia,SRB,Europe & Central Asia,6982084,6.982084,80,56.092,3,Upper middle income,7246.731656,0.799,16,66,18,42.6,75.53902439,current,,,,,89.63888889,96.5,,3/20/2020,99,31,14.17914766,1,9,0.556981109,0.429671141,1.718684565,35,5.01282998,0.716118569,0.716118569,1.14578971,,,,,,2.651772411,-0.585223955,-0.844735151,0.54155921,1.612000622,-0.333909527,-0.333909527,0.136094102,,,,
Rwanda,RWA,Sub-Saharan Africa,12301939,12.301939,499,17.211,4,Low income,772.9444599,0.536,40,57,3,19,68.7,current,1956,current,0,64,88.72727273,93,Intervax Ltd Toronto,,0,,0,,,,,,,,,,,,,,,,0,,,,,,,,,,,
Russian Federation,RUS,Europe & Central Asia,144478050,144.47805,9,74.433,3,Upper middle income,11288.87845,0.824,18,67,15,,72.65731707,current,1945,current,0,75,94.15151515,96,,3/19/2020,198,24,1.37045039,13,26,0.048944657,0.027685866,0.193801065,39,0.269937198,0.034607333,0.038562457,0.076136133,,,,,,0.315139438,-3.017065072,-3.586833232,-1.640923083,-1.309565947,-3.36368968,-3.255476096,-2.57523232,,,,
Solomon Islands,SLB,East Asia & Pacific,652858,0.652858,23,23.749,2,Lower middle income,2137.690695,0.557,40,56,4,22.5,72.835,current,,current,0,,74.21621622,79,,,,,,,,,,,,,,,,,,,,,,,,,,,,,,,,
Seychelles,SYC,Sub-Saharan Africa,96762,0.096762,210,56.691,1,High income,16433.93529,0.801,24,69,8,35.4,72.84146341,current,,current,0,,97.1875,99,,,0,,0,,,,,,,,,,,,,,,,0,,,,,,,,,,,
Sudan,SDN,Sub-Saharan Africa,41801533,41.801533,,34.642,2,Lower middle income,977.2736357,0.508,41,56,4,19.9,65.095,current,1976,current,0,44,66,76,Danish,3/13/2020,5,1,0.119612838,33,,0.003518025,0,0.047845135,1,0.023922568,0,0.00341751,0.023922568,2,0.047845135,0,0.001594838,0.023922568,-2.123495101,-5.649855626,0,-3.039785833,-3.732933013,0,-5.678843163,-3.732933013,-3.039785833,0,-6.440983215,-3.732933013
Sweden,SWE,Europe & Central Asia,10183175,10.183175,25,87.431,1,High income,54608.36025,0.937,18,62,20,41.2,82.51219512,interrupted,1940,1975,45,80,17.02564103,16,Danish Statens Serum Institute,3/11/2020,1203,36,118.136043,4,9,3.281556751,1.473017993,16.69420392,144,14.14097273,2.553231188,2.020138962,3.535243183,793,77.87355123,0.785609596,2.595785041,11.19493675,4.771836867,1.188317929,0.387313353,2.815061589,2.649076451,0.937359689,0.703166302,1.26278209,4.355086373,-0.241295307,0.953888991,2.4154616
Singapore,SGP,East Asia & Pacific,5638676,5.638676,7953,100,1,High income,64581.94402,0.935,12,76,11,34.6,83.14634146,current,1950,current,0,70,96.04651163,98,"Danish strain 1331, SSI",3/21/2020,10,5,1.77346597,1,15,0.06821023,0,0.354693194,2,0.354693194,0,0.050670456,0.177346597,,,,,,0.572935807,-2.685160731,0,-1.036502106,-1.036502106,0,-2.982412255,-1.729649286,,,,
"Saint Helena, Ascension and Tristan Da Cunha",SHN,,,,,,,,,,,,,,,,,,,,,,,,,,,,,,,,,,,,,,,,,,,,,,,,,,,,,
Slovenia,SVN,Europe & Central Asia,2067372,2.067372,103,54.541,1,High income,26123.97387,0.902,15,65,20,44.5,81.02926829,interrupted,1947,2005,15,73,96.57142857,97.5,Danish SSI,3/14/2020,61,9,29.5060589,1,10,0.894122997,0.483705884,2.902235302,11,5.32076472,0.967411767,0.760109246,1.934823534,53,25.63641183,0.483705884,0.854547061,2.902235302,3.384595629,-0.111911933,-0.726278235,1.065481234,1.671617037,-0.033131055,-0.274293112,0.660016126,3.244013678,-0.726278235,-0.157183704,1.065481234
South Korea,KOR,East Asia & Pacific,51635256,51.635256,530,81.459,1,High income,31362.75147,0.906,13,73,14,41.8,82.62682927,current,1970,current,0,50,82.59375,93,Danish,2/20/2020,225,35,4.357487837,4,19,0.077812283,0.067783144,0.213032739,25,0.484165315,0.058099838,0.069166474,0.135566288,94,1.820461585,0.048416532,0.060682053,0.213032739,1.471895707,-2.553455984,-2.691441726,-1.546309422,-0.72532887,-2.845592406,-2.671239019,-1.998294546,0.599090087,-3.027913963,-2.802107294,-1.546309422
Kuwait,KWT,Middle East & North Africa,4137309,4.137309,232,100,1,High income,33994.40657,0.808,22,76,3,29.3,75.398,current,,current,0,,74.58823529,97,Tokyo 172,4/4/2020,3,,0.725109002,1,,0.06042575,0,0.241703001,,,,,,,,,,,-0.321433288,-2.806339938,0,-1.420045576,,,,,,,,
Cayman Islands,CYM,Latin America & Caribbean,64174,0.064174,267,100,1,High income,,,,,,40,,interrupted,1953,2005,15,67,,,,,,,,,,,,,,,,,,,,,,,,,,,,,,,,,,
Kazakhstan,KAZ,Europe & Central Asia,18276499,18.276499,7,57.428,3,Upper middle income,9812.601137,0.817,28,64,7,30.6,73.15,current,1945,current,0,75,92.72413793,95,,3/20/2020,16,6,0.875441188,6,,0.052228025,0.054715074,0.164145223,8,0.437720594,0.054715074,0.062531513,0.109430149,,,,,,-0.133027305,-2.952136043,-2.905616027,-1.807003738,-0.826174485,-2.905616027,-2.772084634,-2.212468846,,,,
Laos,LAO,East Asia & Pacific,7061507,7.061507,31,35.004,2,Lower middle income,2542.486528,0.604,33,63,4,23,67.61,current,,current,0,,53.91891892,61,,,0,,0,,,,,,,,,,,,,,,,0,,,,,,,,,,,
Lebanon,LBN,Middle East & North Africa,6848925,6.848925,669,88.593,3,Upper middle income,8269.787676,0.73,26,67,7,30.5,78.875,never,,,,78.875,,,,3/10/2020,21,4,3.066174619,1,18,0.082869584,0,0.29201663,7,1.022058206,0.146008315,0.146008315,0.29201663,19,2.774157988,0,0.092471933,0.29201663,1.120430732,-2.490487181,0,-1.230944525,0.021818443,-1.924091706,-1.924091706,-1.230944525,1.020347274,0,-2.380850108,-1.230944525
Saint Lucia,LCA,Latin America & Caribbean,181889,0.181889,298,18.678,3,Upper middle income,10566.04975,0.745,19,72,10,34.8,76.057,current,,current,0,,91.18421053,96.5,,,0,,0,,,,,,,,,,,,,,,,0,,,,,,,,,,,
Liechtenstein,LIE,Europe & Central Asia,37910,0.03791,,14.338,1,High income,,0.917,,,,43.2,83.74634146,,,,,,,,,4/4/2020,1,,26.37826431,1,1,2.198188693,0,26.37826431,,,,,,,,,,,3.272540349,0.7876337,0,3.272540349,,,,,,,,
Sri Lanka,LKA,South Asia,21670000,21.67,346,18.476,3,Upper middle income,4102.48135,0.78,24,65,10,32.8,76.812,current,,current,0,,87.69047619,93,,3/28/2020,7,7,0.323027227,5,,0.017001433,0,0.046146747,,,,,,,,,,,-1.130018666,-4.074457646,0,-3.075928816,,,,,,,,
Liberia,LBR,Sub-Saharan Africa,4818977,4.818977,50,51.151,4,Low income,677.3221785,0.465,41,56,3,17.8,63.73,current,,current,0,,71.66666667,82,,4/4/2020,6,,1.245077534,1,7,0.103756461,0,0.415025845,,,,,,,,,,,0.219197804,-2.265708845,0,-0.879414484,,,,,,,,
Lesotho,LSO,Sub-Saharan Africa,2108132,2.108132,69,28.153,2,Lower middle income,1299.153126,0.518,33,62,5,24.2,53.705,current,,current,0,,70.94444444,72.5,,,,,,,,,,,,,,,,,,,,,,,,,,,,,,,,
Lithuania,LTU,Europe & Central Asia,2789533,2.789533,45,67.679,1,High income,19153.40899,0.869,15,65,20,43.7,76.2902439,current,1945,current,0,75,97.33333333,98,,3/21/2020,30,9,10.7544883,1,5,0.413634165,0.358482943,2.150897659,13,4.660278262,0.716965886,0.665754037,2.150897659,,,,,,2.375323183,-0.882773355,-1.025874198,0.765885271,1.539075159,-0.332727018,-0.40683499,0.765885271,,,,
Luxembourg,LUX,Europe & Central Asia,607728,0.607728,250,90.981,1,High income,116639.888,0.909,16,70,14,39.3,82.09512195,interrupted,,,,,47.8,50,,3/14/2020,69,15,113.5376353,1,1,3.639985671,3.29094595,13.1637838,16,26.3275676,1.645472975,3.761081085,9.872837849,66,108.6012163,1.645472975,3.620040544,13.1637838,4.73213437,1.291979745,1.191175046,2.577469407,3.270616588,0.498027866,1.324706439,2.289787335,4.687682608,0.498027866,1.286485226,2.577469407
Latvia,LVA,Europe & Central Asia,1926542,1.926542,31,68.142,1,High income,17860.6172,0.854,16,64,20,43.6,74.67804878,current,1940,current,0,80,95.55172414,95,BCG Moreau substrain,4/3/2020,5,,2.595323642,1,5,0.19964028,0,1.038129457,,,,,,,,,,,0.953711226,-1.611238131,0,0.037420495,,,,,,,,
Libya,LBY,Middle East & North Africa,6678567,6.678567,4,80.102,3,Upper middle income,7241.704481,0.708,28,67,4,28.9,72.724,current,,current,0,,95.14705882,99,,4/2/2020,1,1,0.14973272,1,,0.010695194,0,0.14973272,,,,,,,,,,,-1.898903444,-4.537960773,0,-1.898903444,,,,,,,,
Morocco,MAR,Middle East & North Africa,36029138,36.029138,81,62.453,2,Lower middle income,3222.200634,0.676,27,66,7,29.3,76.453,current,,current,0,,90.72972973,95,,3/10/2020,127,4,3.524924743,13,23,0.095268236,0.027755313,0.333063755,29,0.804904075,0.055510626,0.114986296,0.333063755,93,2.581244103,0.027755313,0.08604147,0.333063755,1.259859086,-2.351058826,-3.584328,-1.09942135,-0.21703217,-2.891180819,-2.162942319,-1.09942135,0.948271493,-3.584328,-2.452925888,-1.09942135
Monaco,MCO,Europe & Central Asia,38682,0.038682,19196,100,1,High income,185741.28,,,,,53.1,,current,,,,,94.88888889,98,,3/29/2020,3,1,77.55545215,1,1,4.30863623,0,51.70363477,,,,,,,,,,,4.350993192,1.460621434,0,3.945528084,,,,,,,,
Moldova,MDA,Europe & Central Asia,3545883,3.545883,124,42.629,2,Lower middle income,3227.312192,0.711,16,73,11,36.7,71.808,current,1945,current,0,75,96.30769231,97,,3/18/2020,46,4,12.97279126,1,14,0.44733763,0.282017201,1.692103208,18,5.076309624,0.846051604,0.725187089,1.128068805,,,,,,2.562854184,-0.804441646,-1.265787212,0.525972257,1.624584546,-0.167174924,-0.321325603,0.120507149,,,,
Montenegro,MNE,Europe & Central Asia,622345,0.622345,46,66.813,3,Upper middle income,8844.236985,0.816,18,67,15,40.7,76.77,current,,,,,92.30769231,95,,3/23/2020,4,2,6.427303184,1,1,0.267804299,0,1.606825796,1,1.606825796,0,0.229546542,1.606825796,,,,,,1.860555039,-1.317498792,0,0.474260678,0.474260678,0,-1.471649471,0.474260678,,,,
Madagascar,MDG,Sub-Saharan Africa,26262368,26.262368,45,37.191,4,Low income,527.501285,0.521,41,56,3,19.7,66.681,current,,current,0,,73.07692308,79,,,0,,0,,,,,,,,,,,,,,,,0,,,,,,,,,,,
Marshall Islands,MHL,East Asia & Pacific,58413,0.058413,325,77.031,3,Upper middle income,3788.163594,0.698,,,,22.9,,current,2004,current,0,16,88.17857143,92,Freeze-dried Glutamate BCG Vaccine (Japan),,,,,,,,,,,,,,,,,,,,,,,,,,,,,,,
North Macedonia,MKD,Europe & Central Asia,2082958,2.082958,83,57.963,3,Upper middle income,6083.718948,0.759,17,70,14,37.9,75.688,current,1950,current,0,70,95.28,95,Toronto Cada,3/22/2020,45,17,21.60389216,1,4,0.864155686,0.480086492,2.880518954,17,8.161470371,0.960172985,1.165924339,2.400432462,,,,,,3.072873491,-0.146002334,-0.733788999,1.05797047,2.099424345,-0.040641818,0.153514196,0.875648914,,,,
Mali,MLI,Sub-Saharan Africa,19077690,19.07769,16,42.356,4,Low income,899.6599081,0.427,48,50,3,15.8,58.893,current,,current,0,,75.66666667,82,,3/29/2020,13,7,0.681424219,2,,0.037856901,0,0.157251743,,,,,,,,,,,-0.383570232,-3.27394199,0,-1.849907301,,,,,,,,
Myanmar/Burma,MMR,East Asia & Pacific,53708395,53.708395,82,30.579,2,Lower middle income,1325.952924,0.584,26,68,6,,66.867,current,,current,0,,69.63414634,83,,3/31/2020,4,4,0.074476253,,,0.004654766,0,0.037238126,,,,,,,,,,,-2.59727496,-5.369863682,0,-3.29042214,,,,,,,,
Mongolia,MNG,East Asia & Pacific,3170208,3.170208,2,68.445,2,Lower middle income,4121.732435,0.735,30,66,4,28.3,69.689,current,1948,current,0,72,86.25641026,97,"2007 SI India, 2003-2006 Intervax Toronto 1997-2003 Japan BCG 1992 France before 1992 Russia BCG",,0,,0,,,,,,,,,,,,,,,,0,,,,,,,,,,,
Macau,MAC,East Asia & Pacific,631636,0.631636,20778,100,1,High income,87208.53591,,,,,39.3,84.118,,,,,,,,,,,,,,,,,,,,,,,,,,,,,,,,,,,,,,,
Northern Mariana Islands,MNP,East Asia & Pacific,56882,0.056882,124,91.618,1,High income,23258.67586,,,,,33.6,,,,,,,,,,4/1/2020,2,2,35.16050772,,,2.344033848,0,17.58025386,,,,,,,,,,,3.559923513,0.851873312,0,2.866776332,,,,,,,,
Mauritania,MRT,Sub-Saharan Africa,4403319,4.403319,4,53.672,2,Lower middle income,1188.834588,0.527,40,57,3,20.5,64.704,current,,current,0,,81.42424242,85,,3/30/2020,1,1,0.227101421,1,,0.013358907,0,0.227101421,,,,,,,,,,,-1.482358575,-4.315571919,0,-1.482358575,,,,,,,,
Montserrat,MSR,,,,,,,,,,,,,33.2,,,,,,,,,,,,,,,,,,,,,,,,,,,,,,,,,,,,,,,,
Malta,MLT,Middle East & North Africa,483530,0.48353,1511,94.612,1,High income,30098.28331,0.885,14,65,20,41.8,82.34634146,current,,current,0,,79.82608696,79,,4/8/2020,3,,6.204372014,1,1,0.775546502,0,2.068124005,,,,,,,,,,,1.825254207,-0.254187335,0,0.726641918,,,,,,,,
Mauritius,MUS,Sub-Saharan Africa,1265303,1.265303,623,40.793,3,Upper middle income,11238.69039,0.796,18,71,11,35.3,74.41634146,current,,current,0,,91.92105263,88.5,,3/21/2020,9,7,7.112920779,1,2,0.273573876,0,1.580649062,2,1.580649062,0,0.225807009,1.580649062,,,,,,1.961912958,-1.29618358,0,0.457835561,0.457835561,0,-1.488074588,0.457835561,,,,
Maldives,MDV,South Asia,515696,0.515696,1719,39.808,3,Upper middle income,10330.61561,0.719,20,76,4,28.2,78.627,current,,current,0,,83.125,99,,,0,,0,,,,,,,,,,,,,,,,0,,,,,,,,,,,
Malawi,MWI,Sub-Saharan Africa,18143315,18.143315,192,16.937,4,Low income,389.3980332,0.485,44,53,3,16.5,63.798,current,,current,0,,89.28205128,93,,4/7/2020,2,,0.110233439,5,,0.01224816,0,0.055116719,,,,,,,,,,,-2.205154993,-4.40237957,0,-2.898302173,,,,,,,,
Mexico,MEX,Latin America & Caribbean,126190788,126.190788,65,80.156,3,Upper middle income,9673.443674,0.767,27,66,7,28.3,74.992,current,1951,current,0,69,85.35897436,98,"Danish RT-1331, Staten Serum Institute, Copenhague",3/19/2020,406,29,3.217350541,11,21,0.114905376,0.06339607,0.586413645,112,0.887544977,0.118867631,0.12679214,0.24565977,,,,,,1.168558207,-2.163646303,-2.758353411,-0.533729859,-0.119296081,-2.129744751,-2.06520623,-1.403807748,,,,
Malaysia,MYS,East Asia & Pacific,31528585,31.528585,96,76.036,3,Upper middle income,11373.233,0.804,24,69,7,28.5,75.997,current,1961,current,0,59,97.68421053,98,,3/17/2020,83,37,2.632531717,5,13,0.087751057,0.079293124,0.253737997,25,0.79293124,0.126868998,0.113275891,0.190303498,83,2.632531717,0.079293124,0.087751057,0.253737997,0.967946013,-2.433251369,-2.534603863,-1.371453053,-0.23201877,-2.064600234,-2.177928919,-1.659135125,0.967946013,-2.534603863,-2.433251369,-1.371453053
Mozambique,MOZ,Sub-Saharan Africa,29495962,29.495962,38,35.988,4,Low income,498.9572202,0.446,45,52,3,17.2,60.163,current,,current,0,,79.18421053,90,,,0,,0,,,,,,,,,,,,,,,,0,,,,,,,,,,,
Namibia,NAM,Sub-Saharan Africa,2448255,2.448255,3,50.032,3,Upper middle income,5931.453886,0.645,37,59,4,21.2,63.373,current,,current,0,,87.43333333,90,,,0,,0,,,,,,,,,,,,,,,,0,,,,,,,,,,,
New Caledonia,NCL,East Asia & Pacific,284060,0.28406,16,70.683,1,High income,,,23,68,9,32,77.14878049,,,,,,,,,,,,,,,,,,,,,,,,,,,,,,,,,,,,,,,
Niger,NER,Sub-Saharan Africa,22442948,22.442948,18,16.425,4,Low income,413.980305,0.377,50,47,3,15.4,62.024,current,,current,0,,67.72727273,71,,3/25/2020,14,11,0.623803967,6,,0.028354726,0,0.133672279,3,0.133672279,0,0.01909604,0.089114852,,,,,,-0.471919115,-3.562961568,0,-2.012364156,-2.012364156,0,-3.958274305,-2.417829264,,,,
Norfolk Island,NFK,,,,,,,,,,,,,,,,,,,,,,,,,,,,,,,,,,,,,,,,,,,,,,,,,,,,,
Nigeria,NGA,Sub-Saharan Africa,195874740,195.87474,215,50.344,2,Lower middle income,2028.18197,0.534,44,53,3,18.4,54.332,current,1991,current,0,29,51.81818182,55,SSI,3/23/2020,12,5,0.061263642,,,0.002552652,0,0.015315911,5,0.025526518,0,0.003646645,0.015315911,,,,,,-2.792568724,-5.970622554,0,-4.178863085,-3.668037461,0,-5.61394761,-4.178863085,,,,
Nicaragua,NIC,Latin America & Caribbean,6465513,6.465513,54,58.522,2,Lower middle income,2028.894755,0.651,30,65,5,25.7,74.275,current,,current,0,,92.53846154,99,,3/27/2020,1,1,0.154666768,1,,0.007733338,0,0.154666768,,,,,,,,,,,-1.866482359,-4.862214633,0,-1.866482359,,,,,,,,
Netherlands,NLD,Europe & Central Asia,17231017,17.231017,511,91.49,1,High income,53024.05921,0.934,16,65,19,42.6,81.76097561,never,,,,81.76097561,,,Bulgarian strain,3/6/2020,3145,77,182.5196969,3,10,4.451699924,4.642790382,13.58016187,358,20.77648696,2.49549983,2.968069566,4.642790382,1656,96.10576091,1.741046393,3.203525364,10.15610396,5.206858095,1.493286029,1.535315561,2.608610042,3.033821913,0.914489042,1.087911764,1.535315561,4.565449261,0.554486308,1.16425188,2.3180749
Norway,NOR,Europe & Central Asia,5314336,5.314336,15,82.248,1,High income,81697.24598,0.954,18,65,17,39.2,82.81219512,interrupted,1947,2009,11,73,92.81818182,92,SSI DK,3/14/2020,150,19,28.22553937,1,5,0.855319375,0.940851312,2.446213412,40,7.526810499,1.129021575,1.075258643,1.693532362,128,24.0857936,0.658595919,0.802859787,2.446213412,3.34022722,-0.156280342,-0.060970162,0.894541283,2.01847138,0.121351395,0.072561231,0.526816503,3.181622189,-0.417645106,-0.219575192,0.894541283
Nepal,NPL,South Asia,28087871,28.087871,196,19.74,4,Low income,1033.912431,0.579,30,64,6,24.1,70.478,current,,current,0,,79.63414634,87,DK,,0,,0,,,,,,,,,,,,,,,,0,,,,,,,,,,,
Nauru,NRU,East Asia & Pacific,12704,0.012704,635,100,3,Upper middle income,9888.893597,,,,,26.4,,,,,,,93.96296296,98,,,,,,,,,,,,,,,,,,,,,,,,,,,,,,,,
Niue,NIU,,,,,,,,,,,,,,,,,,,,94.48484848,99,,,,,,,,,,,,,,,,,,,,,,,,,,,,,,,,
Svalbard and Jan Mayen,SJM,,,,,,,,,,,,,,,,,,,,,,,,,,,,,,,,,,,,,,,,,,,,,,,,,,,,,
Slovakia,SVK,Europe & Central Asia,5447011,5.447011,113,53.726,1,High income,19442.70576,0.857,15,69,16,40.5,77.16585366,interrupted,1953,2012,8,67,95.69565217,97,BB-NCIPD Ltd. Bulgaria; Miller et all END 2001,3/18/2020,6,2,1.10152155,1,19,0.067637288,0,0.7343477,,,,,,,,,,,0.096692451,-2.693595848,0,-0.308772657,,,,,,,,
Kuril Islands,XI,,,,,,,,,,,,,,,,,,,,,,,,,,,,,,,,,,,,,,,,,,,,,,,,,,,,,
Navassa Island,XL,,,,,,,,,,,,,,,,,,,,,,,,,,,,,,,,,,,,,,,,,,,,,,,,,,,,,
Scarborough Reef,XM,,,,,,,,,,,,,,,,,,,,,,,,,,,,,,,,,,,,,,,,,,,,,,,,,,,,,
Senkaku Islands,XN,,,,,,,,,,,,,,,,,,,,,,,,,,,,,,,,,,,,,,,,,,,,,,,,,,,,,
Bassas Da India,XO,,,,,,,,,,,,,,,,,,,,,,,,,,,,,,,,,,,,,,,,,,,,,,,,,,,,,
Abyei,XU,,,,,,,,,,,,,,,,,,,,,,,,,,,,,,,,,,,,,,,,,,,,,,,,,,,,,
Bir Tawil (Disputed Territory),XV,,,,,,,,,,,,,,,,,,,,,,,,,,,,,,,,,,,,,,,,,,,,,,,,,,,,,
Yemen,YEM,Middle East & North Africa,28498687,28.498687,54,36.642,4,Low income,944.4084994,0.463,40,58,3,19.5,66.096,current,,current,0,,54.97435897,61,,,,,,,,,,,,,,,,,,,,,,,,,,,,,,,,
South Africa,ZAF,Sub-Saharan Africa,57779622,57.779622,48,66.355,3,Upper middle income,6374.028196,0.705,29,66,5,27.1,63.857,current,1973,current,0,47,80.94117647,87,"Danish 1331, Statens Serum Institute, Denmark",3/27/2020,34,18,0.588442756,8,,0.029422138,0.01730714,0.121149979,,,,,,,,,,,-0.530275628,-3.526007902,-4.056636153,-2.110726004,,,,,,,,
Zambia,ZMB,Sub-Saharan Africa,17351822,17.351822,23,43.521,2,Lower middle income,1539.900158,0.591,45,53,2,16.8,63.51,current,,current,0,,91.8125,93.5,,4/2/2020,2,2,0.115261671,9,,0.008232977,0,0.057630836,,,,,,,,,,,-2.160550335,-4.799607664,0,-2.853697515,,,,,,,,
Zimbabwe,ZWE,Sub-Saharan Africa,14439018,14.439018,37,32.209,2,Lower middle income,2146.996385,0.563,42,55,3,20,61.195,current,,current,0,,87.75,88.5,,3/23/2020,3,1,0.207770362,16,,0.008657098,0,0.069256787,2,0.138513575,0,0.019787654,0.069256787,,,,,,-1.571321837,-4.749375667,0,-2.669934126,-1.976786945,0,-3.922697094,-2.669934126,,,,
Turkey,TUR,Europe & Central Asia,82319724,82.319724,107,75.143,3,Upper middle income,9370.176344,0.807,25,67,8,30.9,77.437,current,1952,current,0,68,72.6097561,77,Serum Institute of India,3/17/2020,1518,168,18.44029506,5,11,0.614676502,0.662052754,1.39699205,481,5.843071097,0.886786258,0.834724442,0.9596728,1518,18.44029506,0.662052754,0.614676502,1.39699205,2.914538219,-0.486659162,-0.412410037,0.33432139,1.765256531,-0.120151298,-0.180653618,-0.041162886,2.914538219,-0.412410037,-0.486659162,0.33432139
Trinidad and Tobago,TTO,Latin America & Caribbean,1389858,1.389858,271,53.184,1,High income,17129.91309,0.799,20,69,11,36,73.38,current,,,,,,,,3/25/2020,8,8,5.755983705,1,3,0.261635623,0,1.438995926,0,0,0,0,0,,,,,,1.750239958,-1.340802495,0,0.363945597,0,0,0,0,,,,
Tuvalu,TUV,East Asia & Pacific,11508,0.011508,384,62.387,3,Upper middle income,3700.710677,,,,,25.7,,,,,,,96.23684211,99,,,,,,,,,,,,,,,,,,,,,,,,,,,,,,,,
United Republic of Tanzania,TZA,Sub-Saharan Africa,56318348,56.318348,64,33.776,4,Low income,1060.994615,0.528,44,53,3,,65.015,current,1975,current,0,45,89.79487179,91,Statens Serum Institute,3/31/2020,4,3,0.071024811,,,0.004439051,0,0.035512405,,,,,,,,,,,-2.644726018,-5.41731474,0,-3.337873198,,,,,,,,
Ukraine,UKR,Europe & Central Asia,44622516,44.622516,77,69.352,2,Lower middle income,3095.173581,0.75,16,68,16,40.6,71.58268293,current,1945,current,0,75,92,95.5,Bulgaria tiol Center of Infectious and Parasitic Diseases,3/13/2020,108,5,2.420302791,13,26,0.071185376,0.044820422,0.268922532,17,0.380973587,0.067230633,0.054424798,0.089640844,73,1.635945405,0.022410211,0.054531513,0.268922532,0.883892652,-2.642467872,-3.105091394,-1.313331925,-0.965025231,-2.699626286,-2.91093538,-2.411944214,0.492220866,-3.798238575,-2.908976515,-1.313331925
Uganda,UGA,Sub-Saharan Africa,42723139,42.723139,213,23.774,4,Low income,642.7767443,0.528,47,51,2,15.8,62.973,current,1987,current,0,33,86.45714286,92,"Intervax Toronto, Canada",,0,,0,,,,,,,,,,,,,,,,0,,,,,,,,,,,
United Kingdom,GBR,Europe & Central Asia,66488991,66.488991,275,83.398,1,High income,42943.90227,0.92,18,64,18,40.5,81.35609756,interrupted,1953,2005,15,67,36.76923077,10,Evans Medical/Medeva /Changed from Glaxo to Staten in 2005,3/5/2020,12894,72,193.9268412,7,14,4.617305743,1.511528427,14.75432226,394,5.925793038,0.812164528,0.846541863,1.308487295,3611,54.3097428,0.62416348,1.81032476,10.30245744,5.267480981,1.529811363,0.413121342,2.691536074,1.779314524,-0.208052339,-0.166595625,0.268871734,3.994703636,-0.471342958,0.593506255,2.332382453
United States Minor Outlying Islands,UMI,,,,,,,,,,,,,,,,,,,,,,,,,,,,,,,,,,,,,,,,,,,,,,,,,,,,,
Uruguay,URY,Latin America & Caribbean,3449299,3.449299,20,95.334,1,High income,17277.97011,0.808,21,65,15,35,77.77,current,1980,current,0,40,95.97368421,99,Pasteur,3/29/2020,8,7,2.319311837,1,5,0.128850658,0,0.579827959,,,,,,,,,,,0.84127052,-2.049101238,0,-0.545023841,,,,,,,,
Uzbekistan,UZB,Europe & Central Asia,32955400,32.9554,77,50.478,2,Lower middle income,1532.371677,0.71,29,67,4,28.6,71.573,current,1937,current,0,83,97,98,BCG Serum Institute India,3/27/2020,4,3,0.121376163,16,,0.006068808,0,0.030344041,,,,,,,,,,,-2.108860771,-5.104593045,0,-3.495155132,,,,,,,,
Vatican City,VAT,,,,,,,,,,,,,,,,,,,,,,,,,,,,,,,,,,,,,,,,,,,,,,,,,,,,,
Saint Vincent and The Grenadines,VCT,Latin America & Caribbean,110210,0.11021,283,52.198,3,Upper middle income,7361.400962,0.728,23,68,10,,72.415,current,,current,0,,93.85294118,99,,,0,,0,,,,,,,,,,,,,,,,0,,,,,,,,,,,
Venezuela,VEN,Latin America & Caribbean,28870195,28.870195,33,88.208,3,Upper middle income,,0.726,28,65,7,28.3,72.128,current,,current,0,,88.60526316,90.5,,3/27/2020,9,9,0.311740187,4,,0.015587009,0,0.069275597,,,,,,,,,,,-1.165585171,-4.161317444,0,-2.669662568,,,,,,,,
British Virgin Islands,VGB,Latin America & Caribbean,29802,0.029802,,47.723,1,High income,,,,,,36.5,,,,,,,,,,,,,,,,,,,,,,,,,,,,,,,,,,,,,,,,
Us Virgin Islands,VIR,Latin America & Caribbean,106977,0.106977,306,95.721,1,High income,,,20,61,19,,79.56829268,,,,,,,,,4/5/2020,1,,9.347803734,,,0.849800339,0,9.347803734,,,,,,,,,,,2.235141421,-0.162753852,0,2.235141421,,,,,,,,
Vietnam,VNM,East Asia & Pacific,95540395,95.540395,308,35.919,2,Lower middle income,2566.59695,0.693,23,70,7,30.5,75.317,current,1985,current,0,35,87.47222222,95,"Pasteur Institute Ho Chi Minh City, Vietnam",,0,,0,,,,,,,,,,,,,,,,0,,,,,,,,,,,
Vanuatu,VUT,East Asia & Pacific,292680,0.29268,24,25.274,2,Lower middle income,3123.893396,0.597,39,58,4,22,70.323,current,,curent,,,82.13888889,89,,,,,,,,,,,,,,,,,,,,,,,,,,,,,,,,
Wallis and Futuna,WLF,,,,,,,,,,,,,32.2,,,,,,,,,,,,,,,,,,,,,,,,,,,,,,,,,,,,,,,,
United States,USA,North America,327167434,327.167434,36,82.256,1,High income,62794.58565,0.92,19,65,16,38.1,78.53902439,never,,,,78.53902439,,,,2/29/2020,28326,47,86.57952185,12,23,1.842117486,0.427915451,7.623008102,197,0.60213817,0.067243857,0.086019739,0.250636193,2467,7.54048155,0.025980581,0.251349385,1.360159826,4.461063319,0.610915718,-0.848829648,2.031171056,-0.507268342,-2.699429617,-2.453178491,-1.383752823,2.020286046,-3.650405907,-1.380911336,0.307602212
Samoa,WSM,East Asia & Pacific,196130,0.19613,69,18.243,3,Upper middle income,4183.407935,0.707,38,57,5,24.4,73.187,current,,current,0,,93.26315789,96.5,,,,,,,,,,,,,,,,,,,,,,,,,,,,,,,,
