country,ISO3,region,population_2018,population_million,population_density_2018,urban_percentage_2018,income_level,income_level_def,GDP_2018,HDI_2018,ages_0_14,ages_15_64,ages_65_up,life_expectancy_2018,first_covid19_case_date,first_covid19_death_date,covid19_confirmed,covid19_deaths,covid19_recovered,death_per_million,log_death_per_million,BCG_policy,BCG_vaccine_start,BCG_vaccine_end,BCG_vaccine_years_range,BCG_mean_coverage,BCG_strain,BCG_strain2,median_daily_death_per_million,mean_daily_death_per_million,min_daily_death_per_million,max_daily_death_per_million,days_deaths_reached_0.1
Australia,AUS,East Asia & Pacific,24992369,24.992369,3,86.012,1,High income,57373.68668,0.938,19,65,16,82.74878049,1/26/2020,3/1/2020,6215,54,1793,2.16065952,0.770413508,2,1950,1985,70,,,,0.078431739,0.092072041,0.039215869,0.274511085,8
Azerbaijan,AZE,Europe & Central Asia,9942334,9.942334,120,55.68,3,Upper middle income,4721.178087,0.754,23,70,6,72.864,3/1/2020,3/13/2020,991,10,159,1.005800047,0.005783291,1,,current,,96.34482759,,,0.098627354,0.109585949,0.098627354,0.197254708,1
Bosnia and Herzegovina,BIH,Europe & Central Asia,3323929,3.323929,65,48.245,3,Upper middle income,6065.672708,0.769,15,69,16,77.262,3/5/2020,3/21/2020,901,36,129,10.83055625,2.382371421,1,1950,current,70,86.07692308,Pasteur's Institute Paris,Pasteur,0.609604626,0.663393269,0.304802313,1.219209251,1
Bangladesh,BGD,South Asia,161356039,161.356039,"1,240",36.632,2,Lower middle income,1698.262802,0.614,28,67,5,72.32,3/8/2020,3/18/2020,424,27,33,0.167331822,-1.78777648,1,1979,current,41,77.31578947,Serum Institute of India,India,0.009108055,0.013662083,0.006072037,0.036432221,21
Belgium,BEL,Europe & Central Asia,11422068,11.422068,377,98.001,1,High income,47518.63604,0.919,17,64,19,81.59512195,2/4/2020,3/11/2020,26667,3019,5568,264.3129073,5.577133656,3,,,,,"Mostly Pasteur Institute, Paris; also Statens Serum Institute",Pasteur,5.953605365,9.647844658,0.086284136,42.79693132,1
Burkina Faso,BFA,Sub-Saharan Africa,19751535,19.751535,72,29.358,4,Low income,715.122904,0.434,45,53,2,61.174,3/10/2020,3/18/2020,443,24,146,1.215095434,0.194822621,1,,current,,80.71875,,,0.095678773,0.113074914,0.047839387,0.28703632,4
Bulgaria,BGR,Europe & Central Asia,7024216,7.024216,65,75.008,3,Upper middle income,9272.629304,0.816,15,64,21,74.86585366,3/8/2020,3/11/2020,635,25,54,3.559116064,1.269512217,1,1951,current,69,98,Sl222 Sofia (BCG) BulBio-NCIPD,Bulgarian,0.143917092,0.276763639,0.143917092,0.575668369,1
Bahrain,BHR,Middle East & North Africa,1569439,1.569439,"2,017",89.287,1,High income,24050.75751,0.838,19,78,2,77.163,2/24/2020,3/16/2020,925,6,539,3.823022112,1.341041239,1,,,,82.55,,,0.587688053,0.587688053,0.587688053,0.587688053,1
Benin,BEN,Sub-Saharan Africa,11485048,11.485048,102,47.312,4,Low income,901.5438712,0.52,42,54,3,61.47,3/16/2020,4/6/2020,35,1,5,0.087069728,-2.441046015,1,,current,,88.44117647,,,0.082486486,0.082486486,0.082486486,0.082486486,7
Bolivia,BOL,Latin America & Caribbean,11353142,11.353142,10,69.425,2,Lower middle income,3548.59014,0.703,31,62,7,71.239,3/11/2020,3/29/2020,268,19,2,1.673545526,0.514944445,1,,current,,72.46153846,,,0.085667568,0.142779279,0.085667568,0.257002703,2
Botswana,BWA,Sub-Saharan Africa,2254126,2.254126,4,69.446,3,Upper middle income,8258.641666,0.728,34,62,4,69.275,3/30/2020,3/31/2020,13,1,0,0.443630924,-0.812762315,1,,current,,76.35897436,,,0.425237867,0.425237867,0.425237867,0.425237867,1
Belarus,BLR,Europe & Central Asia,9485386,9.485386,47,78.595,3,Upper middle income,6289.938553,0.817,17,68,15,74.17560976,2/28/2020,3/31/2020,1981,19,169,2.003081372,0.694686681,1,1950,current,70,96.62857143,"Danish, Mikrogen Russia",Danish,0.317483129,0.335121081,0.10582771,0.529138549,1
Iran,IRN,Middle East & North Africa,81800269,81.800269,50,74.898,3,Upper middle income,,0.797,24,69,6,76.479,2/19/2020,2/19/2020,68192,4232,35465,51.73577119,3.946149441,1,1984,current,36,83.12820513,Pasteur Institute 1173-P2,Pasteur,1.369162482,1.007703587,0.011905761,3.476482128,
New Zealand,NZL,East Asia & Pacific,4885500,4.8855,19,86.538,1,High income,41945.33167,0.921,20,65,16,81.85853659,2/28/2020,3/29/2020,1283,2,373,0.40937468,-0.893124454,2,1976,,44,14.22222222,"Danish 1331, Statens Serum Institute",Danish,0.207372808,0.276497078,0.207372808,0.414745617,1
Oman,OMN,Middle East & North Africa,4829483,4.829483,16,84.539,1,High income,16415.15728,0.834,22,75,2,77.633,2/24/2020,3/31/2020,484,3,109,0.621184504,-0.476127134,1,,current,,93.66666667,,,0.195824167,0.195824167,0.195824167,0.195824167,1
Panama,PAN,Latin America & Caribbean,4176873,4.176873,56,67.709,1,High income,15575.07255,0.795,27,65,8,78.329,3/10/2020,3/11/2020,2752,66,16,15.80129441,2.760091862,1,1949,current,71,95.1025641,,,0.927048685,0.902652667,0.231762171,1.85409737,1
Peru,PER,Latin America & Caribbean,31989256,31.989256,25,77.907,3,Upper middle income,6941.235848,0.759,26,66,8,76.516,3/6/2020,3/20/2020,5897,169,1569,5.283023775,1.664498619,1,1945,current,75,84.38461538,"Danish, SSI",Danish,0.181973433,0.244075477,0.030328905,0.940196069,2
Chile,CHL,Latin America & Caribbean,18729160,18.72916,25,87.564,1,High income,15923.35874,0.847,20,69,12,80.042,3/3/2020,3/22/2020,6501,65,1571,3.470524038,1.244305602,1,1949,current,71,95.87179487,Statens Serum Institute,Danish,0.156934882,0.17896083,0.052311627,0.470804645,2
Cameroon,CMR,Sub-Saharan Africa,25216237,25.216237,53,56.374,2,Lower middle income,1533.74214,0.563,43,55,3,58.921,3/6/2020,3/25/2020,820,12,98,0.475883852,-0.742581463,1,,current,,65.02941176,,,0.037670652,0.053815217,0.037670652,0.150682607,5
China,CHN,East Asia & Pacific,1392730000,1392.73,148,59.152,3,Upper middle income,9770.847088,0.758,18,71,11,76.704,1/22/2020,1/22/2020,82941,3340,77791,2.398167628,0.874704957,1,1949,current,71,89.91666667,,,0.015979726,0.027983355,0.000694771,0.17647176,9
Colombia,COL,Latin America & Caribbean,49648685,49.648685,45,80.778,3,Upper middle income,6667.7907,0.761,23,68,8,77.109,3/6/2020,3/22/2020,2473,80,197,1.611321629,0.47705473,1,1960,current,60,86.46153846,Pasteur 1173,Pasteur,0.068785409,0.087346551,0.019652974,0.275141637,5
Costa Rica,CRI,Latin America & Caribbean,4999441,4.999441,98,79.34,3,Upper middle income,12027.36588,0.794,21,69,10,80.095,3/6/2020,3/19/2020,558,3,42,0.600067088,-0.510713818,1,,current,,86.30769231,,,0.19630499,0.19630499,0.19630499,0.19630499,1
Cuba,CUB,Latin America & Caribbean,11338138,11.338138,109,77.037,3,Upper middle income,8821.818891,0.778,16,69,15,78.726,3/12/2020,3/18/2020,564,15,51,1.322968551,0.279878114,1,,current,,98.48717949,,,0.088287623,0.132431434,0.088287623,0.264862868,9
United Arab Emirates,ARE,Middle East & North Africa,9630959,9.630959,136,86.522,1,High income,43004.95336,0.866,15,84,1,77.814,1/29/2020,3/20/2020,3360,16,418,1.661309118,0.507605917,1,,current,,82.36111111,,,0.202216291,0.179747814,0.101108145,0.303324436,1
Afghanistan,AFG,South Asia,37172386,37.172386,57,25.495,4,Low income,520.8966027,0.496,43,54,3,64.486,2/24/2020,3/22/2020,521,15,32,0.403525348,-0.907515973,1,,current,,49.91666667,Danish Statens Serum Institute 1331,Danish,0.025688225,0.042813709,0.025688225,0.102752902,5
Albania,ALB,Europe & Central Asia,2866376,2.866376,105,60.319,3,Upper middle income,5268.848504,0.791,18,69,14,78.458,3/9/2020,3/11/2020,416,23,182,8.024069417,2.082445702,1,,current,,93.81081081,,,0.347487664,0.532814418,0.347487664,1.042462993,1
Armenia,ARM,Europe & Central Asia,2951776,2.951776,104,63.149,3,Upper middle income,4212.070943,0.76,21,68,11,74.945,3/1/2020,3/26/2020,937,12,149,4.065349132,1.402499627,1,1998,current,22,92.55172414,"Sofia, Bulgaria/ InterVac Ltd Toronto Canada",Bulgarian,0.33746913,0.464020054,0.33746913,1.01240739,1
Angola,AGO,Sub-Saharan Africa,30809762,30.809762,25,65.514,2,Lower middle income,3432.385736,0.574,47,51,2,60.782,3/20/2020,3/29/2020,19,2,2,0.06491449,-2.734684407,1,1979,current,41,64.6,Serum Institute of India,India,0.060852665,0.060852665,0.060852665,0.060852665,15
Argentina,ARG,Latin America & Caribbean,44494502,44.494502,16,91.87,3,Upper middle income,11683.94962,0.83,25,64,11,76.52,3/3/2020,3/8/2020,1975,82,375,1.842924324,0.611353616,1,,current,,92.84615385,Anlis Malbran,Anlis Malbran,0.066377883,0.08639661,0.022125961,0.309763454,17
Austria,AUT,Europe & Central Asia,8847037,8.847037,107,58.297,1,High income,51461.95478,0.914,14,67,19,81.64390244,2/25/2020,3/12/2020,13555,319,6064,36.0572698,3.585108502,2,1952,1990,68,90,,,1.776514479,1.475802392,0.111032155,3.330964647,1
Brazil,BRA,Latin America & Caribbean,209469333,209.469333,25,86.569,3,Upper middle income,8920.762105,0.761,21,70,9,75.672,2/26/2020,3/17/2020,19638,1057,173,5.046084717,1.618612639,1,1967,current,53,89.30769231,BCG Moreau - Rio de Janeiro,Moreau,0.103500476,0.198720914,0.004704567,0.66334396,6
Indonesia,IDN,East Asia & Pacific,267663435,267.663435,148,55.325,2,Lower middle income,3893.596078,0.707,27,68,6,71.509,3/2/2020,3/11/2020,3512,306,282,1.143226754,0.13385475,1,1999,current,21,84.88095238,Pasteur Institute (Paris),Pasteur,0.040215905,0.043028206,0.003655991,0.146239655,10
Canada,CAN,North America,37058856,37.058856,4,81.411,1,High income,46232.98962,0.922,16,67,17,81.94878049,1/26/2020,3/9/2020,22059,557,5855,15.03014556,2.710057888,2,,,,,Tokyo 172,Tokyo 172,0.185468997,0.558369626,0.026495571,1.960672253,8
Democratic Republic of The Congo,COD,Sub-Saharan Africa,84068091,84.068091,37,44.46,4,Low income,561.7771824,0.459,46,51,3,60.368,3/11/2020,3/21/2020,215,20,13,0.237902393,-1.435894804,1,,current,,64.19512195,,,0.022331048,0.022331048,0.011165524,0.05582762,
Congo,COG,Sub-Saharan Africa,5244363,5.244363,15,66.916,2,Lower middle income,2147.769461,0.609,42,56,3,64.29,3/15/2020,4/2/2020,60,5,5,0.953404637,-0.047715873,1,,current,,76.68571429,Serum Institute of India,India,0.36244412,0.302036767,0.18122206,0.36244412,
Switzerland,CHE,Europe & Central Asia,8516543,8.516543,216,73.797,1,High income,82796.54716,0.946,15,66,19,83.55121951,2/25/2020,3/5/2020,24551,1002,11100,117.6533718,4.767742774,2,1960,1987,60,21,Merieux,Merieux,1.964269249,2.818603824,0.11554525,9.012529496,1
Côte D’Ivoire,CIV,Sub-Saharan Africa,25069229,25.069229,79,50.779,2,Lower middle income,1715.531332,0.516,42,55,3,57.422,3/11/2020,3/29/2020,444,3,52,0.119668618,-2.123028869,1,,current,,74.68965517,,,0.037909985,0.037909985,0.037909985,0.037909985,
Saudi Arabia,SAU,Middle East & North Africa,33699947,33.699947,16,83.844,1,High income,23338.96346,0.857,25,72,3,74.998,3/2/2020,3/24/2020,3651,47,685,1.394660947,0.332651337,1,1968,current,52,87.44117647,Pasteur-Japan,Pasteur,0.086172559,0.096431197,0.028724186,0.22979349,5
Italy,ITA,Europe & Central Asia,60431283,60.431283,205,70.438,1,High income,34483.204,0.883,13,64,23,82.94634146,1/31/2020,2/21/2020,147577,18849,30455,311.9079898,5.74270824,3,,,,,,,6.607474719,6.495489463,0.016539361,16.05971953,4
Jamaica,JAM,Latin America & Caribbean,2934855,2.934855,271,55.674,3,Upper middle income,5354.236859,0.726,24,67,9,74.368,3/11/2020,3/19/2020,63,4,13,1.362929344,0.309636313,1,,current,,86.68421053,,,0.33770538,0.45027384,0.33770538,0.675410759,1
Jordan,JOR,Middle East & North Africa,9956011,9.956011,112,90.979,3,Upper middle income,4241.788782,0.723,34,62,4,74.405,3/3/2020,3/27/2020,372,7,170,0.703092835,-0.35226634,1,,current,,80.05263158,,,0.098009044,0.171515827,0.098009044,0.392036177,1
Japan,JPN,East Asia & Pacific,126529100,126.5291,347,91.616,1,High income,39289.95843,0.915,13,60,28,84.21097561,1/22/2020,2/13/2020,5530,99,685,0.782428706,-0.245352471,1,1951,current,69,92.16,"Tokyo 172, Japan BCG Laboratory",Tokyo 172,0.01581322,0.019879476,0.00790661,0.055346268,28
Kenya,KEN,Sub-Saharan Africa,51393010,51.39301,90,27.03,2,Lower middle income,1710.510097,0.579,40,58,2,66.342,3/13/2020,3/26/2020,189,7,22,0.136205293,-1.993592022,1,,current,,79.74193548,Statens Serum Institute,Danish,0.018597281,0.026036194,0.018597281,0.037194563,12
Kyrgyzstan,KGZ,Europe & Central Asia,6315800,6.3158,33,36.351,2,Lower middle income,1281.363661,0.674,32,63,4,71.4,3/18/2020,4/3/2020,298,5,35,0.791665347,-0.233616518,1,1945,current,75,97.48275862,,,0.153275709,0.255459515,0.153275709,0.459827126,
Cyprus,CYP,Europe & Central Asia,1189265,1.189265,129,66.81,1,High income,28689.69858,0.873,17,69,14,80.828,3/9/2020,3/22/2020,595,10,58,8.408554864,2.129249624,,,,,,,,0.828252693,1.380421155,0.828252693,2.48475808,1
Czechia,CZE,Europe & Central Asia,10625695,10.625695,138,73.792,1,High income,23078.57349,0.891,16,65,19,78.97804878,3/1/2020,3/22/2020,5732,119,346,11.19926744,2.415848369,2,1953,2010,67,97.83333333,Moreau,Moreau,0.653656902,0.61734263,0.093379557,1.213934247,
Germany,DEU,Europe & Central Asia,82927922,82.927922,237,77.312,1,High income,47603.02763,0.939,14,65,21,80.99268293,1/27/2020,3/9/2020,122171,2767,53913,33.36632504,3.507547159,2,1951,1998,69,,"Kopenhagen 1331, Chiron-Behring, Germany",Danish,0.763869498,1.047028019,0.011935461,3.174832601,6
Denmark,DNK,Europe & Central Asia,5797446,5.797446,138,87.874,1,High income,61350.34791,0.93,16,64,20,81.35121951,2/27/2020,3/14/2020,6014,247,1929,42.60496777,3.751970861,2,1946,1986,74,90,Danish Statens Serum Institute,Danish,1.812781769,1.776813877,0.172645883,3.79820942,1
Dominican Republic,DOM,Latin America & Caribbean,10627165,10.627165,220,81.074,3,Upper middle income,8050.631602,0.745,28,65,7,73.892,3/1/2020,3/17/2020,2620,126,98,11.85640761,2.472868448,1,,current,,79.82051282,,,0.737469653,0.611323528,0.092183707,1.10620448,3
Algeria,DZA,Middle East & North Africa,42228429,42.228429,18,72.629,3,Upper middle income,4114.715061,0.759,30,63,6,76.693,2/25/2020,3/12/2020,1761,256,405,6.062266726,1.802083777,1,,current,,94.35483871,,,0.091217899,0.253823718,0.022804475,1.07181031,7
Ecuador,ECU,Latin America & Caribbean,17084357,17.084357,69,63.821,3,Upper middle income,6344.871979,0.758,28,65,7,76.8,3/1/2020,3/14/2020,7161,297,368,17.38432415,2.855568889,2,1978,current,42,94.69230769,,,0.453436082,0.73190498,0.05667951,2.32385992,1
Estonia,EST,Europe & Central Asia,1320884,1.320884,30,68.88,1,High income,23266.34627,0.882,16,64,20,78.54390244,2/27/2020,3/25/2020,1258,24,93,18.16965002,2.899752621,1,1945,current,75,97.51162791,Danish,Danish,1.507682774,1.644744845,0.753841387,4.523048323,1
Egypt,EGY,Middle East & North Africa,98423595,98.423595,99,42.704,2,Lower middle income,2549.132252,0.7,34,61,5,71.825,2/14/2020,3/8/2020,1794,135,384,1.371622323,0.315994217,1,,current,,90.94871795,,,0.043973482,0.054966852,0.009771885,0.175893927,
Greece,GRC,Europe & Central Asia,10727668,10.727668,83,79.058,1,High income,20324.25356,0.872,14,64,22,81.28780488,2/26/2020,3/11/2020,2011,92,269,8.575955184,2.148962379,1,,current,,72.47058824,,,0.287823456,0.332103988,0.095941152,0.863470368,4
Spain,ESP,Europe & Central Asia,46723749,46.723749,94,80.321,1,High income,30370.89233,0.893,15,66,19,83.33414634,2/1/2020,3/3/2020,158273,16081,55668,344.1718686,5.841141151,2,1965,1981,55,,Danesa (Danish),Danish,10.43743482,9.412584234,0.021388186,20.3187768,4
Ethiopia,ETH,Sub-Saharan Africa,109224559,109.224559,109,20.763,4,Low income,772.3135303,0.47,41,56,4,66.24,3/13/2020,4/5/2020,65,3,4,0.02746635,-3.594793649,1,1980,current,40,51.91891892,Danish Statens Serum Institute,Danish,0.017396813,0.017396813,0.017396813,0.017396813,8
Finland,FIN,Europe & Central Asia,5518050,5.51805,18,85.382,1,High income,50152.34014,0.925,16,62,22,81.83414634,1/29/2020,3/21/2020,2769,48,300,8.698725093,2.163176474,2,1941,2006,79,96.30769231,Danish Statens Serum Institute,Danish,0.360964048,0.541446073,0.180482024,1.263374169,1
France,FRA,Europe & Central Asia,66987244,66.987244,122,80.444,1,High income,41463.64402,0.891,18,62,20,82.52682927,1/24/2020,2/15/2020,125931,13215,25195,197.276365,5.284605614,2,1950,2007,70,80.07407407,Statens Serum Institute,Danish,1.715856809,4.931220014,0.01532015,30.70158076,21
Gabon,GAB,Sub-Saharan Africa,2119275,2.119275,8,89.37,3,Upper middle income,7952.525893,0.702,37,59,4,66.187,3/14/2020,3/20/2020,44,1,1,0.47185948,-0.751074049,1,,current,,71.82352941,,,0.449291198,0.449291198,0.449291198,0.449291198,1
Georgia,GEO,Europe & Central Asia,3731000,3.731,65,58.632,3,Upper middle income,4717.143026,0.786,20,65,15,73.6,2/26/2020,4/4/2020,234,3,54,0.804073975,-0.218064006,1,,current,,87.02702703,,,0.376017598,0.376017598,0.250678398,0.501356797,1
Ghana,GHA,Sub-Saharan Africa,29767108,29.767108,131,56.06,2,Lower middle income,2202.312164,0.596,38,59,3,63.78,3/14/2020,3/21/2020,378,6,4,0.201564761,-1.601644556,1,,current,,77.43243243,,,0.032182337,0.038618805,0.032182337,0.064364675,5
Gambia,GMB,Sub-Saharan Africa,2280102,2.280102,225,61.27,4,Low income,716.118489,0.466,44,53,3,61.735,3/17/2020,3/23/2020,4,1,2,0.438576871,-0.824220179,1,1979,current,41,95.51282051,Russian Strain Serum Institute India,India,0.41379356,0.41379356,0.41379356,0.41379356,
Guatemala,GTM,Latin America & Caribbean,17247807,17.247807,161,51.054,3,Upper middle income,4549.010081,0.651,34,61,5,74.063,3/14/2020,3/16/2020,126,3,17,0.173935156,-1.749072716,1,,current,,71.51282051,,,0.055817379,0.055817379,0.055817379,0.055817379,20
Honduras,HND,Latin America & Caribbean,9587522,9.587522,86,57.096,2,Lower middle income,2500.113213,0.623,32,64,5,75.088,3/11/2020,3/26/2020,382,23,7,2.39895147,0.875031755,1,,current,,84.97435897,,,0.100963107,0.242311457,0.100963107,0.706741751,1
Croatia,HRV,Europe & Central Asia,4089400,4.0894,73,56.947,1,High income,14909.69319,0.837,15,65,20,78.07073171,2/25/2020,3/19/2020,1495,21,231,5.135227662,1.636124178,1,1948,current,72,98.03225806,"Moreau, Brazilian strain",Moreau,0.243589456,0.365384184,0.243589456,0.974357825,1
Haiti,HTI,Latin America & Caribbean,11123176,11.123176,404,55.278,4,Low income,868.3420247,0.503,33,62,5,63.66,3/20/2020,4/5/2020,31,2,0,0.179804761,-1.715883679,1,,current,,57.86486486,Intervax Bulgarie,Bulgarian,0.087699812,0.087699812,0.087699812,0.087699812,5
Hungary,HUN,Europe & Central Asia,9768785,9.768785,108,71.351,1,High income,16161.98051,0.845,14,66,19,75.81707317,3/4/2020,3/15/2020,1190,77,112,7.88224943,2.064613324,1,1953,current,67,99,"Danish, Statens Serum Institute",Danish,0.310547754,0.439942652,0.103515918,1.1386751,1
Ireland,IRL,Europe & Central Asia,4853506,4.853506,70,63.17,1,High income,78806.432,0.942,21,65,14,82.60731707,2/29/2020,3/11/2020,8089,287,25,59.13251163,4.079780885,1,1950,current,70,83.41176471,Danish SSI 1331,Danish,2.63275356,2.52709121,0.202519505,7.290702168,1
Israel,ISR,Middle East & North Africa,8883800,8.8838,411,92.418,1,High income,41715.02928,0.906,28,60,12,82.80243902,2/21/2020,3/21/2020,10408,95,1183,10.6936221,2.369647498,2,1955,1982,65,73,,,0.346598786,0.577664643,0.115532929,1.732993928,1
India,IND,South Asia,1352617328,1352.617328,455,34.03,2,Lower middle income,2009.978857,0.647,27,67,6,69.416,1/30/2020,3/11/2020,7598,246,774,0.18186962,-1.70446522,1,1948,current,72,75.6,"BCGVL Chennai strain, BCG laboratory Guindy, Chennai, India",India,0.002898542,0.007529907,0.000724635,0.028985415,27
Iraq,IRQ,Middle East & North Africa,38433600,38.4336,89,70.473,3,Upper middle income,5834.166211,0.689,38,58,3,70.454,2/24/2020,3/4/2020,1279,70,550,1.821323009,0.599563165,1,,current,,84.39473684,,,0.074585115,0.075666058,0.024861705,0.174031934,4
Senegal,SEN,Sub-Saharan Africa,15854360,15.85436,82,47.192,2,Lower middle income,1521.953554,0.514,43,54,3,67.665,3/2/2020,4/1/2020,265,2,137,0.126148265,-2.070297361,1,1986,current,34,87,Pasteur Institute,Pasteur,0.059723135,0.059723135,0.059723135,0.059723135,4
Somalia,SOM,Sub-Saharan Africa,15008154,15.008154,24,44.971,4,Low income,314.5441657,,47,51,3,57.068,3/16/2020,4/8/2020,21,1,1,0.066630446,-2.708593653,1,,current,,40.1875,,,0.062919916,0.062919916,0.062919916,0.062919916,5
El Salvador,SLV,Latin America & Caribbean,6420744,6.420744,310,72.023,2,Lower middle income,4058.252439,0.667,27,65,8,73.096,3/19/2020,3/31/2020,117,6,15,0.934471145,-0.06777453,1,1970,current,50,78.12820513,Pasteur Institute,Pasteur,0.154173452,0.154173452,0.154173452,0.154173452,1
Syria,SYR,Middle East & North Africa,16906283,16.906283,92,54.162,4,Low income,,0.549,31,64,5,71.779,3/22/2020,3/29/2020,19,2,4,0.118299215,-2.134538147,1,,current,,85.61538462,,,0.057140712,0.057140712,0.057140712,0.057140712,
Togo,TGO,Sub-Saharan Africa,7889094,7.889094,145,41.702,4,Low income,679.2570836,0.513,41,56,3,60.76,3/6/2020,3/27/2020,76,3,25,0.380271803,-0.966869011,1,,current,,81.375,,,0.120791372,0.120791372,0.120791372,0.120791372,1
Thailand,THA,East Asia & Pacific,69428524,69.428524,136,49.949,3,Upper middle income,7273.563207,0.765,17,71,12,76.931,1/22/2020,3/1/2020,2473,33,1013,0.475308967,-0.74379023,1,1977,current,43,88.7804878,"Tokyo, Thai Red Cross",Tokyo 172,0.028653304,0.033428855,0.014326652,0.057306608,29
Tunisia,TUN,Middle East & North Africa,11565204,11.565204,74,68.945,2,Lower middle income,3447.50791,0.739,24,68,8,76.505,3/4/2020,3/19/2020,671,25,25,2.161656638,0.77087489,1,,current,,89.15384615,Pasteur 1173 P2,Pasteur,0.169224524,0.162715888,0.084612262,0.423061309,4
Philippines,PHL,East Asia & Pacific,106651922,106.651922,358,46.907,2,Lower middle income,3102.713363,0.712,31,64,5,71.095,1/30/2020,2/2/2020,4195,221,140,2.072161437,0.728592235,1,1951,current,69,81.14634146,,,0.063879638,0.07410038,0.009125663,0.264644213,43
Pakistan,PAK,South Asia,212215030,212.21503,275,36.666,2,Lower middle income,1482.403063,0.56,35,60,4,67.114,2/26/2020,3/19/2020,4695,66,727,0.311005304,-1.167945311,1,1978,current,42,73.25,"Japaneece strain, Japaneece BCG Lab, Japan",Tokyo 172,0.013581277,0.01691703,0.004527092,0.067906386,13
Poland,POL,Europe & Central Asia,37978548,37.978548,124,60.058,1,High income,15420.91116,0.872,15,67,18,77.75365854,3/4/2020,3/12/2020,5955,181,318,4.765848342,1.561475557,1,1955,current,65,94.27906977,BCG SSI,Danish,0.105689797,0.199269305,0.026422449,0.792673478,5
Palestine,PSE,Middle East & North Africa,4569087,4.569087,759,76.164,2,Lower middle income,3198.866644,0.69,39,58,3,73.895,3/5/2020,3/26/2020,267,2,45,0.437724211,-0.826166223,1,,current,,,,,0.196024006,0.196024006,0.196024006,0.196024006,
Portugal,PRT,Europe & Central Asia,10281762,10.281762,112,65.211,1,High income,23407.90659,0.85,13,65,22,81.72439024,3/2/2020,3/17/2020,15472,435,233,42.30792349,3.744974385,1,1965,current,55,80.33333333,,,1.863346667,1.706433263,0.098070877,3.628622456,2
Paraguay,PRY,Latin America & Caribbean,6956071,6.956071,18,61.585,3,Upper middle income,5821.814323,0.724,29,64,6,74.131,3/8/2020,3/21/2020,129,6,18,0.862555888,-0.147855334,1,,current,,76.79487179,,,0.210304058,0.210304058,0.140202705,0.28040541,1
Qatar,QAT,Middle East & North Africa,2781677,2.781677,240,99.135,1,High income,68793.78444,0.848,14,85,1,80.1,2/29/2020,3/28/2020,2512,6,227,2.156972215,0.768705486,1,,current,,88.63157895,,,0.347094472,0.416513367,0.347094472,0.694188944,1
Romania,ROU,Europe & Central Asia,19473936,19.473936,85,53.998,3,Upper middle income,12301.1864,0.816,16,66,18,75.4097561,2/26/2020,3/22/2020,5467,270,729,13.8646856,2.629345003,1,1928,current,92,97.78125,Romanian BCG substrain Catacuzino Institute,Romanian BCG substrain Catacuzino Institute,0.441841174,0.667959892,0.103962629,2.027271269,1
Serbia,SRB,Europe & Central Asia,6982084,6.982084,80,56.092,3,Upper middle income,7246.731656,0.799,16,66,18,75.53902439,3/6/2020,3/20/2020,3105,71,0,10.16888367,2.319332437,1,,,,89.63888889,,,0.587837985,0.652132764,0.146959496,1.469594962,1
Russian Federation,RUS,Europe & Central Asia,144478050,144.47805,9,74.433,3,Upper middle income,11288.87845,0.824,18,67,15,72.65731707,1/31/2020,3/19/2020,11917,94,795,0.650617862,-0.429832811,1,1945,current,75,94.15151515,,,0.03083576,0.040257798,0.006852391,0.12334304,13
Sudan,SDN,Sub-Saharan Africa,41801533,41.801533,,34.642,2,Lower middle income,977.2736357,0.508,41,56,4,65.095,3/13/2020,3/13/2020,17,2,2,0.047845135,-3.039785833,1,1976,current,44,66,Danish,Danish,0.022805397,0.022805397,0.022805397,0.022805397,31
Sweden,SWE,Europe & Central Asia,10183175,10.183175,25,87.431,1,High income,54608.36025,0.937,18,62,20,82.51219512,1/31/2020,3/11/2020,9685,870,381,85.43504359,4.447756363,2,1940,1975,80,17.02564103,Danish Statens Serum Institute,Danish,2.376409384,3.190549636,0.099017058,11.28794457,4
Singapore,SGP,East Asia & Pacific,5638676,5.638676,"7,953",100,1,High income,64581.94402,0.935,12,76,11,83.14634146,1/23/2020,3/21/2020,2108,7,492,1.241426179,0.216260863,1,1950,current,70,96.04651163,"Danish strain 1331, SSI",Danish,0.170930149,0.205116179,0.170930149,0.341860298,1
Slovenia,SVN,Europe & Central Asia,2067372,2.067372,103,54.541,1,High income,26123.97387,0.902,15,65,20,81.02926829,3/5/2020,3/14/2020,1160,45,137,21.76676476,3.080384254,2,1947,2005,73,96.57142857,Danish SSI,Danish,0.962032428,1.273278214,0.481016214,2.886097285,1
South Korea,KOR,East Asia & Pacific,51635256,51.635256,530,81.459,1,High income,31362.75147,0.906,13,73,14,82.62682927,1/22/2020,2/20/2020,10450,208,7117,4.028255423,1.393333385,1,1970,current,50,82.59375,Danish,Danish,0.097524472,0.084521209,0.019504894,0.17554405,
Kuwait,KWT,Middle East & North Africa,4137309,4.137309,232,100,1,High income,33994.40657,0.808,22,76,3,75.398,2/24/2020,4/4/2020,993,1,123,0.241703001,-1.420045576,1,,current,,74.58823529,Tokyo 172,Tokyo 172,0.234161163,0.234161163,0.234161163,0.234161163,1
Kazakhstan,KAZ,Europe & Central Asia,18276499,18.276499,7,57.428,3,Upper middle income,9812.601137,0.817,28,64,7,73.15,3/13/2020,3/26/2020,812,10,64,0.547150743,-0.603030934,1,,current,,92.72413793,,,0.053257475,0.066571844,0.053257475,0.10651495,6
Lebanon,LBN,Middle East & North Africa,6848925,6.848925,669,88.593,3,Upper middle income,8269.787676,0.73,26,67,7,78.875,2/21/2020,3/10/2020,609,20,76,2.920166303,1.071640568,3,,,,,,,0.146510658,0.195347544,0.146510658,0.586042633,1
Sri Lanka,LKA,South Asia,21670000,21.67,346,18.476,3,Upper middle income,4102.48135,0.78,24,65,10,76.812,1/27/2020,3/28/2020,190,7,54,0.323027227,-1.130018666,1,,current,,87.69047619,,,0.046700057,0.046700057,0.046700057,0.046700057,5
Liberia,LBR,Sub-Saharan Africa,4818977,4.818977,50,51.151,4,Low income,677.3221785,0.465,41,56,3,63.73,3/16/2020,4/4/2020,37,5,3,1.037564612,0.036876248,1,,current,,71.66666667,,,0.19771923,0.263625639,0.19771923,0.395438459,1
Lithuania,LTU,Europe & Central Asia,2789533,2.789533,45,67.679,1,High income,19153.40899,0.869,15,65,20,76.2902439,2/28/2020,3/21/2020,999,22,54,7.88662475,2.065168255,1,1945,current,75,97.33333333,,,0.367337658,0.567703653,0.367337658,1.469350632,1
Latvia,LVA,Europe & Central Asia,1926542,1.926542,31,68.142,1,High income,17860.6172,0.854,16,64,20,74.67804878,3/2/2020,4/3/2020,612,3,16,1.557194185,0.442885603,1,1940,current,80,95.55172414,BCG Moreau substrain,Moreau,0.53016591,0.53016591,0.53016591,0.53016591,1
Libya,LBY,Middle East & North Africa,6678567,6.678567,4,80.102,3,Upper middle income,7241.704481,0.708,28,67,4,72.724,3/24/2020,4/2/2020,24,1,8,0.14973272,-1.898903444,1,,current,,95.14705882,,,0.145533144,0.145533144,0.145533144,0.145533144,1
Morocco,MAR,Middle East & North Africa,36029138,36.029138,81,62.453,2,Lower middle income,3222.200634,0.676,27,66,7,76.453,3/2/2020,3/10/2020,1448,107,122,2.969818484,1.088500834,1,,current,,90.72972973,,,0.094823817,0.144944978,0.027092519,0.406387787,13
Moldova,MDA,Europe & Central Asia,3545883,3.545883,124,42.629,2,Lower middle income,3227.312192,0.711,16,73,11,71.808,3/8/2020,3/18/2020,1438,29,56,8.178498839,2.101508618,1,,current,,96.30769231,,,0.495790368,0.599080028,0.247895184,1.23947592,1
North Macedonia,MKD,Europe & Central Asia,2082958,2.082958,83,57.963,3,Upper middle income,6083.718948,0.759,17,70,14,75.688,2/26/2020,3/22/2020,711,32,41,15.36276776,2.731946904,1,1950,current,70,95.28,Toronto Canada,Bulgarian,0.479989248,1.023977063,0.479989248,2.399946241,1
Mali,MLI,Sub-Saharan Africa,19077690,19.07769,16,42.356,4,Low income,899.6599081,0.427,48,50,3,58.893,3/25/2020,3/29/2020,87,7,22,0.366920733,-1.00260944,1,,current,,75.66666667,,,0.098761365,0.086416194,0.049380682,0.098761365,2
Myanmar/Burma,MMR,East Asia & Pacific,53708395,53.708395,82,30.579,2,Lower middle income,1325.952924,0.584,26,68,6,66.867,3/27/2020,3/31/2020,27,3,2,0.05585719,-2.884957032,1,,current,,69.63414634,,,0.027568566,0.027568566,0.018379044,0.036758088,
Mauritania,MRT,Sub-Saharan Africa,4403319,4.403319,4,53.672,2,Lower middle income,1188.834588,0.527,40,57,3,64.704,3/14/2020,3/30/2020,7,1,2,0.227101421,-1.482358575,1,,current,,81.42424242,,,0.215069489,0.215069489,0.215069489,0.215069489,1
Mauritius,MUS,Sub-Saharan Africa,1265303,1.265303,623,40.793,3,Upper middle income,11238.69039,0.796,18,71,11,74.41634146,3/18/2020,3/21/2020,318,9,23,7.112920779,1.961912958,1,,current,,91.92105263,,,1.179461332,1.179461332,0.786307555,1.57261511,1
Malawi,MWI,Sub-Saharan Africa,18143315,18.143315,192,16.937,4,Low income,389.3980332,0.485,44,53,3,63.798,4/2/2020,4/7/2020,9,1,0,0.055116719,-2.898302173,1,,current,,89.28205128,,,0.052274038,0.052274038,0.052274038,0.052274038,5
Mexico,MEX,Latin America & Caribbean,126190788,126.190788,65,80.156,3,Upper middle income,9673.443674,0.767,27,66,7,74.992,2/28/2020,3/19/2020,3441,194,633,1.537354692,0.430063207,1,1951,current,69,85.35897436,"Danish RT-1331, Staten Serum Institute, Copenhague",Danish,0.062047849,0.095112821,0.007755981,0.302483264,11
Malaysia,MYS,East Asia & Pacific,31528585,31.528585,96,76.036,3,Upper middle income,11373.233,0.804,24,69,7,75.997,1/25/2020,3/17/2020,4346,70,1830,2.220207472,0.797600647,1,1961,current,59,97.68421053,,,0.092689865,0.102988739,0.030896622,0.247172975,5
Niger,NER,Sub-Saharan Africa,22442948,22.442948,18,16.425,4,Low income,413.980305,0.377,50,47,3,62.024,3/20/2020,3/25/2020,438,11,41,0.490131689,-0.713081172,1,,current,,67.72727273,,,0.082621972,0.090884169,0.041310986,0.20655493,6
Nigeria,NGA,Sub-Saharan Africa,195874740,195.87474,215,50.344,2,Lower middle income,2028.18197,0.534,44,53,3,54.332,2/28/2020,3/23/2020,305,7,58,0.035737125,-3.331565224,1,1991,current,29,51.81818182,SSI,Danish,0.004851082,0.005659595,0.004851082,0.009702164,21
Nicaragua,NIC,Latin America & Caribbean,6465513,6.465513,54,58.522,2,Lower middle income,2028.894755,0.651,30,65,5,74.275,3/19/2020,3/27/2020,7,1,0,0.154666768,-1.866482359,1,,current,,92.53846154,,,0.150953559,0.150953559,0.150953559,0.150953559,1
Netherlands,NLD,Europe & Central Asia,17231017,17.231017,511,91.49,1,High income,53024.05921,0.934,16,65,19,81.76097561,2/27/2020,3/6/2020,23249,2520,287,146.247897,4.985303107,3,,,,,Bulgarian strain,Bulgarian,4.610480626,4.579476603,0.058360514,13.65636034,3
Norway,NOR,Europe & Central Asia,5314336,5.314336,15,82.248,1,High income,81697.24598,0.954,18,65,17,82.81219512,2/26/2020,3/14/2020,6314,113,32,21.26323966,3.056979744,2,1947,2009,73,92.81818182,SSI DK,Danish,0.368919152,0.737838303,0.184459576,2.029055335,1
Slovakia,SVK,Europe & Central Asia,5447011,5.447011,113,53.726,1,High income,19442.70576,0.857,15,69,16,77.16585366,3/6/2020,3/18/2020,715,2,23,0.36717385,-1.001919837,2,1953,2012,67,95.69565217,BB-NCIPD Ltd. Bulgaria; Miller et all END 2001,Bulgarian,0.366324318,0.366324318,0.366324318,0.366324318,
South Africa,ZAF,Sub-Saharan Africa,57779622,57.779622,48,66.355,3,Upper middle income,6374.028196,0.705,29,66,5,63.857,3/5/2020,3/27/2020,2003,24,410,0.415371357,-0.878582323,1,1973,current,47,80.94117647,"Danish 1331, Statens Serum Institute, Denmark",Danish,0.033721871,0.040466245,0.016860936,0.101165613,8
Zambia,ZMB,Sub-Saharan Africa,17351822,17.351822,23,43.521,2,Lower middle income,1539.900158,0.591,45,53,2,63.51,3/18/2020,4/2/2020,40,2,25,0.115261671,-2.160550335,1,,current,,91.8125,,,0.054395256,0.054395256,0.054395256,0.054395256,9
Zimbabwe,ZWE,Sub-Saharan Africa,14439018,14.439018,37,32.209,2,Lower middle income,2146.996385,0.563,42,55,3,61.195,3/20/2020,3/23/2020,13,3,0,0.207770362,-1.571321837,1,,current,,87.75,,,0.067281498,0.067281498,0.067281498,0.067281498,16
Turkey,TUR,Europe & Central Asia,82319724,82.319724,107,75.143,3,Upper middle income,9370.176344,0.807,25,67,8,77.437,3/11/2020,3/17/2020,47029,1006,2423,12.2206435,2.503126612,1,1952,current,68,72.6097561,Serum Institute of India,India,0.355707041,0.497001783,0.011856901,1.161976335,5
Trinidad and Tobago,TTO,Latin America & Caribbean,1389858,1.389858,271,53.184,1,High income,17129.91309,0.799,20,69,11,73.38,3/14/2020,3/25/2020,109,8,1,5.755983705,1.750239958,1,,,,,,,0.714545503,0.816623432,0.714545503,1.429091005,1
United Republic of Tanzania,TZA,Sub-Saharan Africa,56318348,56.318348,64,33.776,4,Low income,1060.994615,0.528,44,53,3,65.015,3/16/2020,3/31/2020,32,3,5,0.053268608,-2.93240809,1,1975,current,45,89.79487179,Statens Serum Institute,Danish,0.025111237,0.025111237,0.016740825,0.03348165,
Ukraine,UKR,Europe & Central Asia,44622516,44.622516,77,69.352,2,Lower middle income,3095.173581,0.75,16,68,16,71.58268293,3/3/2020,3/13/2020,2203,69,61,1.546304561,0.43586793,1,1945,current,75,92,Bulgaria National Center of Infectious and Parasitic Diseases,Bulgarian,0.068596893,0.092807562,0.022865631,0.274387573,13
United Kingdom,GBR,Europe & Central Asia,66488991,66.488991,275,83.398,1,High income,42943.90227,0.92,18,64,18,81.35609756,1/31/2020,3/5/2020,74605,8974,588,134.9697125,4.905050401,2,1953,2005,67,36.76923077,Evans Medical/Medeva /Changed from Glaxo to Staten in 2005,Evans Medical/Medeva /Changed from Glaxo to Staten in 2005,1.053236246,3.881073752,0.014730577,14.43596533,7
Uruguay,URY,Latin America & Caribbean,3449299,3.449299,20,95.334,1,High income,17277.97011,0.808,21,65,15,77.77,3/14/2020,3/29/2020,473,7,206,2.029397857,0.707739127,1,1980,current,40,95.97368421,Pasteur,Pasteur,0.287875242,0.335854449,0.287875242,0.575750484,1
Uzbekistan,UZB,Europe & Central Asia,32955400,32.9554,77,50.478,2,Lower middle income,1532.371677,0.71,29,67,4,71.573,3/15/2020,3/27/2020,624,3,42,0.091032122,-2.396542844,1,1937,current,83,97,BCG Serum Institute India,India,0.029878217,0.029878217,0.029878217,0.029878217,16
Venezuela,VEN,Latin America & Caribbean,28870195,28.870195,33,88.208,3,Upper middle income,,0.726,28,65,7,72.128,3/14/2020,3/27/2020,171,9,84,0.311740187,-1.165585171,1,,current,,88.60526316,,,0.052750141,0.052750141,0.035166761,0.070333521,
United States,USA,North America,327167434,327.167434,36,82.256,1,High income,62794.58565,0.92,19,65,16,78.53902439,1/22/2020,2/29/2020,496535,18586,28790,56.80883263,4.039691818,3,,,,,,,0.332323626,1.383601049,0.003021124,6.30508553,12
Massachusetts,USA_S,United States,6882635,6.882635,340.6924596,92,1,High income,"82,480",0.956,17,68.3,14.7,80.5,2/1/2020,3/20/2020,22860,686,,99.67112886,4.601876055,3,,,,,NA,,,,,,
Connecticut,USA_S,United States,3571520,3.57152,284.7943097,88,1,High income,"76,342",0.953,17.5,67.2,15.4,81,3/10/2020,3/18/2020,11510,494,,138.3164591,4.929544242,3,,,,,NA,,,,,,
Minnesota,USA_S,United States,5606249,5.606249,27.18405396,73.3,1,High income,"64,675",0.947,19.9,65.8,14.5,81,3/6/2020,3/21/2020,1427,64,,11.41583258,2.435001215,3,,,,,NA,,,,,,
New Jersey,USA_S,United States,8886025,8.886025,466.5363736,94.7,1,High income,"69,378",0.943,18.8,66.8,14.2,80.6,3/5/2020,3/10/2020,58151,2183,,245.6666507,5.503975539,3,,,,,NA,,,,,,
New Hampshire,USA_S,United States,1353465,1.353465,58.36869615,60.3,1,High income,"63,067",0.943,15.7,67.5,16.8,79.4,3/2/2020,3/23/2020,885,22,,16.25457622,2.788374483,3,,,,,NA,,,,,,
District of Columbia,USA_S,United States,701547,0.701547,4440.170886,100,1,High income,"200,277",0.942,17.2,72.5,10.6,78.5,3/16/2020,3/20/2020,1778,47,,,,3,,,,,NA,,,,,,
Colorado,USA_S,United States,5691287,5.691287,21.20200871,86.2,1,High income,"63,882",0.942,18.8,68.4,12.8,80.3,3/6/2020,3/13/2020,6513,250,,43.92679547,3.782524509,3,,,,,NA,,,,,,
New York,USA_S,United States,19530351,19.530351,160.0116586,87.9,1,High income,"85,746",0.942,18.2,67.3,14.6,81.3,3/2/2020,3/14/2020,181026,8627,,441.722732,6.090682382,3,,,,,NA,,,,,,
North Dakota,USA_S,United States,758080,0.75808,4.241913517,59.9,1,High income,"72,597",0.942,20.1,66.2,13.7,79.9,3/12/2020,3/27/2020,293,7,,,,3,,,,,NA,,,,,,
Hawaii,USA_S,United States,1420593,1.420593,85.39526915,91.9,1,High income,"64,096",0.94,18.4,64.8,16.7,82.5,3/7/2020,3/24/2020,465,8,,5.631451091,1.728367152,3,,,,,NA,,,,,,
Washington,USA_S,United States,7523869,7.523869,43.71287623,84,1,High income,"74,182",0.94,19,67,14,80.4,1/22/2020,2/29/2020,10434,495,,65.79061916,4.186477262,3,,,,,NA,,,,,,
Alaska,USA_S,United States,735139,0.735139,0.497403369,66,1,High income,"73,205",0.937,20.5,67.9,11.6,78.3,3/13/2020,3/25/2020,257,8,,,,3,,,,,NA,,,,,,
Vermont,USA_S,United States,624358,0.624358,26.1545164,38.9,1,High income,"53,523",0.936,15.7,65.8,18.5,79.7,3/8/2020,3/19/2020,711,25,,,,3,,,,,NA,,,,,,
Maryland,USA_S,United States,6035802,6.035802,240.0780399,87.2,1,High income,"68,573",0.935,19.3,66.9,13.7,79.2,3/6/2020,3/19/2020,7694,206,,34.12968152,3.530167432,3,,,,,NA,,,,,,
Nebraska,USA_S,United States,1925614,1.925614,9.677755597,73.1,1,High income,"63,942",0.934,21.1,64.5,14.3,79.8,3/6/2020,3/28/2020,699,17,,8.828352931,2.177968466,3,,,,,NA,,,,,,
Wyoming,USA_S,United States,577601,0.577601,2.296900979,64.8,1,High income,"69,900",0.932,19.5,64.6,15.7,79.1,3/12/2020,,261,0,,,,3,,,,,NA,,,,,,
Delaware,USA_S,United States,965479,0.965479,191.2634957,83.3,1,High income,"77,253",0.93,18.2,64.5,17.3,78.6,3/11/2020,3/26/2020,1479,33,,,,3,,,,,NA,,,,,,
California,USA_S,United States,39461588,39.461588,97.6936415,95,1,High income,"74,205",0.93,19.4,67.6,12.7,81.5,1/26/2020,3/4/2020,21706,605,,15.33136477,2.729900715,3,,,,,NA,,,,,,
Utah,USA_S,United States,3153550,3.15355,14.81796999,90.6,1,High income,"55,550",0.93,25.1,64.5,10.4,79.6,3/7/2020,3/22/2020,2207,13,,4.122338317,1.416420555,3,,,,,NA,,,,,,
Oregon,USA_S,United States,4181886,4.181886,16.821218,81,1,High income,"56,956",0.929,17.9,65.7,16.4,79.7,2/29/2020,3/15/2020,1371,48,,11.47807473,2.44043867,3,,,,,NA,,,,,,
Illinois,USA_S,United States,12723071,12.723071,88.48154472,88.5,1,High income,"67,268",0.929,19.2,66.8,13.8,79.4,1/24/2020,3/17/2020,19180,677,,53.2104238,3.974254313,3,,,,,NA,,,,,,
Virginia,USA_S,United States,8501286,8.501286,83.11891246,75.5,1,High income,"62,563",0.929,19.1,67,14,79.5,3/8/2020,3/14/2020,5077,130,,15.29180409,2.727317004,3,,,,,NA,,,,,,
South Dakota,USA_S,United States,878698,0.878698,4.475170818,56.7,1,High income,"58,624",0.929,21.2,63.6,15.3,79,3/12/2020,3/11/2020,626,6,,,,3,,,,,NA,,,,,,
Wisconsin,USA_S,United States,5807406,5.807406,41.40203866,70.2,1,High income,"57,720",0.928,18.6,65.9,15.6,79.4,3/10/2020,3/20/2020,3213,137,,23.59056694,3.160846926,3,,,,,NA,,,,,,
Iowa,USA_S,United States,3148618,3.148618,21.76428952,64,1,High income,"59,977",0.928,20,64.7,15.2,79.5,3/9/2020,3/25/2020,1510,34,,10.79838837,2.379396898,3,,,,,NA,,,,,,
Pennsylvania,USA_S,United States,12800922,12.800922,110.4634297,78.7,1,High income,"61,594",0.922,17.8,65.9,16.3,78.3,3/6/2020,3/18/2020,21719,503,,39.2940446,3.671072971,3,,,,,NA,,,,,,
Pennsylvania,USA_S,United States,12800922,12.800922,110.4634297,78.7,1,High income,"61,594",0.922,17.8,65.9,16.3,78.3,3/6/2020,3/18/2020,21719,503,,39.2940446,3.671072971,3,,,,,NA,,,,,,
Rhode Island,USA_S,United States,1058287,1.058287,395.178118,90.7,1,High income,"57,852",0.92,16.8,67.8,15.5,80.1,3/1/2020,3/28/2020,2349,56,,52.91570245,3.968700128,3,,,,,NA,,,,,,
Montana,USA_S,United States,1060665,1.060665,2.813715638,55.9,1,High income,"46,609",0.917,18.6,63.5,18,78.5,3/13/2020,3/27/2020,377,6,,5.656828499,1.732863399,3,,,,,NA,,,,,,
Maine,USA_S,United States,1339057,1.339057,16.76272799,38.7,1,High income,"47,969",0.914,15.9,65,19,78.7,3/12/2020,3/27/2020,616,19,,14.18908978,2.652473344,3,,,,,NA,,,,,,
Ohio,USA_S,United States,11676341,11.676341,110.3316278,77.9,1,High income,"57,492",0.913,19,65.7,15.2,77.1,3/10/2020,3/20/2020,6250,247,,21.15388716,3.051823679,3,,,,,NA,,,,,,
Michigan,USA_S,United States,9984072,9.984072,68.18077335,74.6,1,High income,"53,209",0.912,18.4,65.9,15.5,78.1,3/11/2020,3/18/2020,23605,1384,,138.6207952,4.931742113,3,,,,,NA,,,,,,
Texas,USA_S,United States,28628666,28.628666,42.31330509,84.7,1,High income,"61,167",0.909,22.2,66.7,11.2,79.1,3/5/2020,3/17/2020,13023,266,,9.291386473,2.229087785,3,,,,,NA,,,,,,
Florida,USA_S,United States,21244317,21.244317,152.9599512,91.2,1,High income,"48,318",0.909,17.2,63.8,18.8,80,3/2/2020,3/8/2020,18494,438,,20.61727849,3.026129486,3,,,,,NA,,,,,,
Arizona,USA_S,United States,7158024,7.158024,24.32988191,89.8,1,High income,"48,055",0.908,19.6,64.2,16.3,79.7,1/26/2020,3/21/2020,3393,108,,15.08796282,2.713897262,3,,,,,NA,,,,,,
Idaho,USA_S,United States,1750536,1.750536,8.178377944,70.6,1,High income,"43,430",0.907,21.3,63.8,15,79.3,3/13/2020,3/26/2020,1396,25,,14.28134012,2.658953798,3,,,,,NA,,,,,,
Indiana,USA_S,United States,6695497,6.695497,72.15838317,72.4,1,High income,"55,172",0.906,20.2,65.8,14,77.2,3/6/2020,3/16/2020,7435,330,,49.28685652,3.897657444,3,,,,,NA,,,,,,
Missouri,USA_S,United States,6121623,6.121623,34.38322072,70.4,1,High income,"51,699",0.905,19.5,65.4,15.2,77.5,3/8/2020,3/18/2020,4108,116,,18.94922311,2.941762934,3,,,,,NA,,,,,,
North Carolina,USA_S,United States,10381615,10.381615,82.44611658,66.1,1,High income,"54,441",0.905,19.3,66.1,14.6,78,3/3/2020,3/25/2020,4354,89,,8.572847288,2.148599916,3,,,,,NA,,,,,,
Nevada,USA_S,United States,3027341,3.027341,10.6472234,94.2,1,High income,"55,269",0.902,19.4,65.9,14.7,78.3,3/5/2020,3/16/2020,2702,102,,33.69293383,3.517288137,3,,,,,NA,,,,,,
Georgia,USA_S,United States,10511131,10.511131,70.56439399,75.1,1,High income,"55,832",0.902,20.8,66.8,12.3,77.7,3/3/2020,3/12/2020,12159,429,,40.81387626,3.709022128,3,,,,,NA,,,,,,1
New Mexico,USA_S,United States,2092741,2.092741,6.661377436,77.4,1,High income,"46,954",0.9,19.6,64.2,16.2,78,3/11/2020,3/25/2020,1091,19,,9.079002132,2.205964289,3,,,,,NA,,,,,,
Oklahoma,USA_S,United States,3940235,3.940235,22.17849017,66.2,1,High income,"50,613",0.894,20.9,64.9,14,76,3/7/2020,3/19/2020,1868,94,,23.85644511,3.172054416,3,,,,,NA,,,,,,
Tennessee,USA_S,United States,6771631,6.771631,63.40585328,66.4,1,High income,"53,933",0.892,19.5,65.8,14.8,76.1,3/5/2020,3/20/2020,5132,106,,15.65354048,2.75069712,3,,,,,NA,,,,,,
South Carolina,USA_S,United States,5084156,5.084156,65.30070282,66.3,1,High income,"45,280",0.89,19.1,64.7,16.2,77,3/7/2020,3/16/2020,3211,80,,15.7351584,2.755897597,3,,,,,NA,,,,,,
Louisiana,USA_S,United States,4659690,4.65969,41.64237367,73.2,1,High income,"53,589",0.885,20.7,65.5,13.8,76.2,3/11/2020,3/14/2020,20014,806,,172.9728802,5.15313482,3,,,,,NA,,,,,,
Kentucky,USA_S,United States,4461153,4.461153,43.62205102,58.4,1,High income,"46,898",0.881,19.5,65.8,14.7,75.3,3/6/2020,3/16/2020,1693,90,,20.17415677,3.004402418,3,,,,,NA,,,,,,
Arkansas,USA_S,United States,3009733,3.009733,22.33236625,56.2,1,High income,"42,454",0.877,20.1,64.7,15.3,75.9,3/15/2020,3/24/2020,1228,25,,8.306384653,2.117024454,3,,,,,NA,,,,,,
Alabama,USA_S,United States,4887681,4.887681,37.26221488,59,1,High income,"45,219",0.877,19.7,65.1,15.2,75.3,3/13/2020,3/25/2020,3217,92,,18.82283234,2.935070619,3,,,,,NA,,,,,,
West Virginia,USA_S,United States,1804291,1.804291,28.98082338,48.7,1,High income,"43,053",0.872,17,64.4,18.4,75,3/18/2020,3/30/2020,577,5,,2.771171613,1.019270196,3,,,,,NA,,,,,,
Mississippi,USA_S,United States,2981020,2.98102,24.52908747,49.3,1,High income,"37,948",0.863,20.7,65,14.2,74.8,3/12/2020,3/19/2020,2642,93,,31.19737539,3.440333969,3,,,,,NA,,,,,,
American Samoa,USA_S,United States,55641,0.055641,279.0421264,,1,High income,,0.827,,,,,,,0,0,,,,3,,,,,NA,,,,,,
Guam,USA_S,United States,165718,0.165718,304.6846847,,1,High income,,0.901,,,,,3/16/2020,3/22/2020,133,5,,,,3,,,,,NA,,,,,,
Northern Mariana Islands,USA_S,United States,55194,0.055194,119.05522,,1,High income,,0.875,,,,,3/31/2020,4/1/2020,6,1,,,,3,,,,,NA,,,,,,
Puerto Rico,USA_S,United States,3193354,3.193354,350.7715459,93.8,1,High income,,0.845,16,65,18.9,80.9,3/16/2020,3/21/2020,788,42,,13.15231572,2.576597843,3,,,,,NA,,,,,,
Virgin Islands (U.S.),USA_S,United States,106405,0.106405,306.5543071,,1,High income,,0.894,,,,,,,51,1,,,,3,,,,,NA,,,,,,